,CustomerID,Total_Spending,Delivery_Charges,Num_Transactions,Total_Quantity,Location,Gender,Tenure_Months,Used_Coupon_Count,Not_Use_Coupon_Count,Clicked_Coupon_Count,Revenue
0,12346,25.49,150.0,2,3,1,0,31,2.0,0.0,0.0,174.98174
1,12347,3746.16,665.14,60,342,1,1,20,20.0,14.0,26.0,15686.84396
2,12348,336.52,197.15,23,209,2,1,39,11.0,1.0,11.0,1689.55594
3,12350,1312.4,127.88,17,21,2,1,25,6.0,3.0,8.0,1467.43528
4,12356,1244.83,637.49,36,56,4,0,31,11.0,8.0,17.0,2007.429
5,12359,235.41,96.0,16,86,1,1,41,2.0,5.0,9.0,784.0332
6,12370,3965.71,692.98,91,613,1,0,21,21.0,18.0,52.0,8059.284820000001
7,12373,420.3,102.96,14,22,1,0,23,3.0,2.0,9.0,595.56606
8,12377,5060.61,771.68,77,421,2,0,27,21.0,12.0,44.0,11244.90066
9,12383,3078.59,593.79,69,185,1,1,32,21.0,10.0,38.0,5865.099560000001
10,12386,477.93,101.0,10,15,2,1,38,6.0,1.0,3.0,680.40158
11,12388,560.03,131.49,19,25,4,1,31,1.0,6.0,12.0,909.8165
12,12393,1235.21,180.41,22,119,4,0,39,9.0,2.0,11.0,2397.5043800000003
13,12395,1267.07,257.85,32,61,0,0,10,9.0,6.0,17.0,1721.25164
14,12402,519.81,72.91,11,17,2,0,22,6.0,0.0,5.0,676.1233000000001
15,12410,1704.54,260.72,26,67,2,1,8,4.0,2.0,20.0,2725.0742
16,12413,1303.01,251.77,26,259,0,0,15,12.0,1.0,13.0,3434.5452600000003
17,12414,601.36,44.5,7,7,1,1,43,1.0,1.0,5.0,697.9715
18,12415,1557.3,358.47,47,169,4,1,29,14.0,6.0,27.0,3294.23923
19,12417,1147.08,280.28000000000003,30,157,2,0,37,11.0,3.0,16.0,2024.68804
20,12421,1323.58,87.47,11,17,2,0,38,8.0,1.0,2.0,2075.89838
21,12422,586.32,86.49,13,101,4,1,50,5.0,2.0,6.0,1007.21776
22,12423,576.93,139.73,16,17,1,1,9,7.0,5.0,4.0,882.5946600000001
23,12427,332.72,113.56,13,170,1,0,37,6.0,1.0,6.0,1534.11808
24,12429,1127.2,492.98,20,133,0,0,43,6.0,2.0,12.0,2914.15228
25,12431,3999.3,309.22,44,57,0,0,14,14.0,8.0,22.0,6171.70308
26,12433,6029.22,3949.08,147,1494,2,1,32,47.0,21.0,79.0,18991.47364
27,12434,6.39,18.0,3,15,4,0,32,2.0,0.0,1.0,50.7776
28,12437,1373.41,126.38,18,26,0,0,50,3.0,5.0,10.0,2755.16638
29,12441,1166.18,83.12,11,16,4,0,39,7.0,2.0,2.0,1653.77868
30,12451,4992.28,1156.78,101,799,3,1,49,34.0,16.0,51.0,10932.28554
31,12464,869.06,52.49,6,10,1,1,26,3.0,0.0,3.0,1096.3022
32,12468,866.66,95.43,12,26,2,0,9,3.0,2.0,7.0,1560.9924400000002
33,12471,8203.95,1031.17,128,279,2,0,11,40.0,16.0,72.0,15517.64865
34,12472,7242.83,1648.34,126,508,0,0,2,52.0,18.0,56.0,13372.693700000002
35,12474,3756.14,370.14,36,225,1,0,17,15.0,7.0,14.0,7314.63474
36,12476,1919.46,278.44,27,302,4,1,14,10.0,4.0,13.0,3435.461
37,12477,252.79,13.0,2,2,2,0,10,1.0,1.0,0.0,254.23685
38,12480,1024.97,252.0,42,51,2,1,22,15.0,4.0,23.0,1670.30036
39,12481,1715.28,1492.55,46,757,2,0,49,13.0,7.0,26.0,10856.0937
40,12483,495.05,78.0,14,27,1,0,39,2.0,2.0,10.0,1161.59198
41,12484,2689.17,1064.32,98,434,2,1,44,38.0,17.0,43.0,6589.10394
42,12489,478.92,90.0,15,48,2,1,2,6.0,1.0,8.0,968.86396
43,12490,1773.49,398.4,43,61,1,0,26,15.0,6.0,22.0,3189.99672
44,12494,287.92,42.0,7,9,2,0,28,4.0,2.0,1.0,486.76557
45,12500,65.75999999999999,30.0,5,5,3,0,46,3.0,1.0,1.0,102.4874
46,12501,6095.31,1179.6,160,606,4,1,8,44.0,22.0,94.0,11656.62918
47,12502,3571.62,252.62,31,117,2,0,23,14.0,7.0,10.0,5125.2886100000005
48,12503,10.63,6.0,1,1,4,0,36,0.0,0.0,1.0,17.161500000000004
49,12510,990.59,198.98,29,216,2,0,25,9.0,1.0,19.0,1496.21764
50,12515,311.43,96.0,16,95,1,0,28,3.0,2.0,11.0,1571.3702199999998
51,12523,147.46,80.22,7,28,4,0,35,5.0,2.0,0.0,511.3107600000001
52,12524,339.78,96.0,16,23,3,0,20,10.0,1.0,5.0,631.95496
53,12527,91.57,60.5,10,424,4,0,25,1.0,1.0,8.0,1863.7462
54,12528,3064.43,231.93,31,96,1,0,43,12.0,6.0,13.0,4672.2192000000005
55,12530,442.49,193.2,13,86,2,1,29,1.0,3.0,9.0,1566.4464
56,12539,13755.71,1413.99,187,486,4,1,13,54.0,26.0,107.0,20851.42164
57,12540,2331.33,475.41,64,310,4,0,25,18.0,10.0,36.0,4813.4365800000005
58,12551,940.88,91.68,10,17,4,1,41,3.0,2.0,5.0,1693.5268
59,12553,1029.37,335.33,39,91,4,0,8,10.0,6.0,23.0,1907.6574
60,12557,272.52,56.5,9,10,1,1,50,5.0,1.0,3.0,342.75384
61,12559,1849.66,173.38,22,136,2,0,25,8.0,2.0,12.0,3100.4196
62,12567,8032.07,1241.07,146,519,3,0,23,49.0,20.0,77.0,13765.03646
63,12574,494.31,176.88,11,190,2,0,48,7.0,0.0,4.0,1679.7836000000002
64,12577,3006.38,627.1,67,976,0,0,10,21.0,8.0,38.0,6830.13114
65,12578,3460.15,512.44,76,116,4,0,8,30.0,11.0,35.0,6156.4448600000005
66,12583,1319.79,757.27,42,155,4,1,33,12.0,5.0,25.0,3320.84496
67,12585,2434.05,641.93,74,212,0,0,4,23.0,13.0,38.0,4767.29656
68,12586,18.99,6.5,1,1,2,1,3,0.0,1.0,0.0,28.9082
69,12591,2770.3,357.63,26,158,2,0,25,8.0,3.0,15.0,4997.04464
70,12594,262.21,72.0,12,131,2,0,13,3.0,2.0,7.0,804.3387
71,12600,782.87,107.98,15,16,1,1,39,9.0,1.0,5.0,888.84495
72,12601,572.3299999999999,56.7,9,9,2,0,10,5.0,1.0,3.0,607.44524
73,12605,283.19,18.0,3,3,1,0,37,0.0,1.0,2.0,330.7242
74,12609,320.45,96.0,16,19,4,0,3,3.0,5.0,8.0,447.491
75,12621,1292.15,308.64,33,117,2,1,44,12.0,2.0,19.0,2858.3619000000003
76,12625,3925.35,563.4,58,186,0,1,26,23.0,10.0,25.0,6771.98724
77,12626,2950.94,572.84,67,582,2,0,30,20.0,10.0,37.0,5794.57333
78,12637,2868.29,498.96,75,125,2,0,13,26.0,13.0,36.0,4952.44242
79,12643,60.79,12.0,2,2,1,1,48,1.0,0.0,1.0,73.34819999999999
80,12645,1045.0,108.96,16,77,0,0,50,9.0,2.0,5.0,2588.35462
81,12647,2734.82,356.17,53,216,1,1,28,16.0,12.0,25.0,4437.392150000001
82,12649,14.38,13.0,2,2,4,1,33,1.0,0.0,1.0,28.33198
83,12651,334.3,54.0,9,255,1,1,44,4.0,1.0,4.0,2522.32852
84,12652,2009.04,372.36,51,169,1,1,21,18.0,7.0,26.0,3183.90632
85,12662,1508.56,428.32,34,148,4,1,21,16.0,4.0,14.0,3526.7952400000004
86,12664,765.99,30.0,5,5,4,1,14,2.0,0.0,3.0,797.8032000000001
87,12665,20.4,44.73,4,17,4,0,10,1.0,1.0,2.0,131.4588
88,12666,37.98,12.0,2,2,2,1,13,1.0,0.0,1.0,50.09393999999999
89,12668,4962.99,683.82,74,214,2,0,32,22.0,9.0,43.0,7646.890780000001
90,12672,255.15,60.0,10,10,2,0,43,4.0,2.0,4.0,334.60288
91,12673,1516.73,138.0,23,35,2,1,4,7.0,4.0,12.0,1820.26106
92,12676,1213.05,76.5,12,13,2,0,38,4.0,1.0,7.0,1443.42712
93,12678,192.18,30.0,5,6,1,1,27,0.0,0.0,5.0,253.2297
94,12681,9424.82,2168.75,223,504,4,1,27,64.0,43.0,116.0,18476.58312
95,12682,8352.78,1051.36,127,230,4,0,33,35.0,20.0,72.0,13474.48325
96,12683,3688.61,815.1,77,744,4,1,15,25.0,11.0,41.0,11534.86818
97,12686,713.04,69.44,7,9,4,1,30,1.0,2.0,4.0,1109.675
98,12691,724.62,96.91,15,19,2,0,7,8.0,2.0,5.0,1529.6788400000005
99,12693,952.97,54.0,9,17,4,0,4,2.0,0.0,7.0,1810.0624000000005
100,12705,1318.6,180.5,30,36,0,0,45,9.0,7.0,14.0,1901.78133
101,12708,1811.98,235.69,33,170,2,0,25,9.0,6.0,18.0,3209.57934
102,12709,2292.54,325.26,33,200,3,1,36,16.0,5.0,12.0,3364.42016
103,12712,2688.06,374.34,47,65,4,1,37,16.0,7.0,24.0,4284.3485
104,12720,4865.93,603.92,65,225,4,0,20,26.0,9.0,30.0,7348.71969
105,12721,873.99,182.64,18,144,2,0,5,9.0,0.0,9.0,2245.83354
106,12724,408.36,66.0,11,13,2,1,19,6.0,0.0,5.0,567.21984
107,12725,1166.07,260.4,24,795,0,0,48,8.0,4.0,12.0,4914.66662
108,12726,1247.36,187.65,25,42,4,1,25,10.0,5.0,10.0,2017.977
109,12727,905.25,73.99,12,15,4,1,6,6.0,2.0,4.0,1011.75622
110,12728,441.65,105.96,13,87,2,0,5,4.0,0.0,9.0,652.3103600000001
111,12731,6147.02,944.28,62,1121,2,0,28,16.0,5.0,41.0,13512.63248
112,12734,60.96,24.0,4,5,2,0,27,2.0,0.0,2.0,115.60408
113,12735,2154.93,366.76,43,65,3,1,5,13.0,6.0,24.0,3348.2903300000003
114,12736,25.380000000000003,24.0,4,25,1,0,3,2.0,0.0,2.0,171.6888
115,12738,1207.03,71.5,11,17,1,1,42,5.0,0.0,6.0,1920.0156
116,12744,4584.38,1101.05,56,366,1,1,16,17.0,5.0,34.0,11128.78056
117,12747,916.84,123.5,20,211,4,0,9,7.0,3.0,10.0,1914.955
118,12748,31285.63,8510.9,695,4869,4,0,28,252.0,115.0,328.0,87200.89626
119,12753,1351.99,550.1999999999999,52,136,1,0,13,19.0,9.0,24.0,2613.74508
120,12754,3046.04,358.78,37,66,2,0,11,10.0,5.0,22.0,4053.4232
121,12755,24.99,6.5,1,2,4,0,37,1.0,0.0,0.0,59.57876
122,12763,931.51,104.0,16,39,2,0,48,7.0,2.0,7.0,1091.4822800000002
123,12764,4220.94,358.76,45,217,4,0,25,15.0,8.0,22.0,5815.77772
124,12766,2775.22,588.78,88,158,4,0,22,30.0,17.0,41.0,5065.085230000001
125,12775,1142.54,84.0,13,29,2,1,21,6.0,3.0,4.0,1424.10172
126,12778,526.34,81.92,9,10,4,0,42,3.0,4.0,2.0,654.99834
127,12779,1666.6,295.84000000000003,42,98,2,0,28,16.0,4.0,22.0,2588.90982
128,12782,2868.95,455.92,56,172,4,0,19,16.0,11.0,29.0,4706.17436
129,12785,551.83,156.0,14,17,0,0,36,3.0,3.0,8.0,914.15513
130,12791,140.3,13.0,2,2,3,0,26,1.0,0.0,1.0,155.22770000000003
131,12793,1243.28,217.42,24,61,4,0,39,12.0,6.0,6.0,2524.0087000000003
132,12797,276.34,105.0,17,18,2,1,34,8.0,1.0,8.0,477.44414000000006
133,12808,326.96,45.5,7,105,2,1,32,2.0,1.0,4.0,593.3585
134,12820,284.95,108.45,11,107,2,1,24,3.0,2.0,6.0,713.2713
135,12826,4412.77,354.09,49,313,2,1,33,14.0,9.0,26.0,8226.96712
136,12829,729.7,72.0,12,18,0,1,15,5.0,2.0,5.0,1149.1694000000002
137,12836,2042.38,490.99,39,227,4,1,6,17.0,7.0,15.0,3340.73907
138,12838,2337.29,1262.82,59,483,2,0,31,20.0,11.0,28.0,5902.4158
139,12839,2050.75,481.7,37,107,2,0,45,12.0,4.0,21.0,4203.37726
140,12841,7536.72,1493.76,110,376,2,0,19,37.0,11.0,62.0,13489.66112
141,12842,2300.59,130.44,14,18,0,0,27,8.0,3.0,3.0,2555.8237
142,12853,954.63,174.97,23,43,1,1,11,12.0,2.0,9.0,2118.44875
143,12854,3192.95,216.0,36,46,1,1,42,12.0,5.0,19.0,5056.495080000001
144,12855,399.25,19.5,3,7,1,0,33,2.0,0.0,1.0,954.9455
145,12865,119.0,6.0,1,2,0,1,34,0.0,0.0,1.0,267.8
146,12867,2164.5,551.97,58,307,4,1,32,16.0,10.0,32.0,4056.86624
147,12868,2680.14,681.5,46,101,2,0,8,16.0,2.0,28.0,6302.93074
148,12870,34.15,28.82,2,2,2,0,28,1.0,0.0,1.0,66.20948
149,12872,2366.15,978.24,66,290,0,1,20,27.0,9.0,30.0,4862.28894
150,12875,1.2,6.0,1,1,0,0,24,0.0,1.0,0.0,7.32
151,12877,1117.09,150.95,17,19,0,0,23,10.0,2.0,5.0,1417.2605
152,12908,228.0,13.0,2,2,3,1,32,0.0,1.0,1.0,263.8
153,12913,68.75999999999999,26.0,4,4,1,0,21,1.0,1.0,2.0,99.74194
154,12915,774.51,84.5,13,37,3,0,3,4.0,2.0,7.0,1296.88972
155,12916,2558.31,351.43,40,178,1,0,2,15.0,7.0,18.0,4493.84756
156,12921,3294.19,454.91,59,394,1,1,49,21.0,11.0,27.0,6735.59447
157,12924,13.67,13.0,2,3,2,1,45,0.0,0.0,2.0,29.5543
158,12928,294.14,102.0,17,21,4,0,21,9.0,1.0,7.0,398.68099
159,12929,564.88,64.48,8,13,4,0,26,3.0,2.0,3.0,999.427
160,12931,19.38,12.0,2,2,1,0,44,1.0,0.0,1.0,33.8885
161,12935,553.11,8125.98,27,49,1,0,23,8.0,5.0,14.0,9081.9846
162,12939,69.47,71.4,6,18,4,0,19,2.0,0.0,4.0,269.1743
163,12942,521.46,152.63,16,36,0,0,4,8.0,1.0,7.0,917.9694
164,12944,627.86,104.98,14,42,2,0,43,4.0,3.0,7.0,1230.1316000000002
165,12947,3024.54,238.48,36,54,2,1,48,11.0,6.0,19.0,5469.743780000001
166,12951,697.01,120.0,20,28,1,0,18,9.0,1.0,10.0,1042.59974
167,12956,2009.28,135.99,19,35,4,0,48,5.0,3.0,11.0,3286.15547
168,12957,658.8,396.69,31,70,4,0,44,8.0,7.0,16.0,1374.34536
169,12963,210.33,389.97,16,49,1,1,9,2.0,2.0,12.0,1063.4841
170,12967,1052.55,183.37,19,23,1,0,34,5.0,3.0,11.0,1785.08874
171,12970,280.09000000000003,48.0,8,52,2,0,2,3.0,1.0,4.0,595.2860000000001
172,12971,2280.83,603.45,47,150,3,0,43,14.0,5.0,28.0,4775.46375
173,12980,58.27,135.87,6,144,2,1,23,2.0,2.0,2.0,1358.1041
174,12989,156.6,18.99,2,2,2,0,5,0.0,1.0,1.0,191.858
175,12990,506.6,19.5,3,4,2,0,47,1.0,0.0,2.0,491.8194000000001
176,12997,453.12,142.76,18,89,2,0,45,7.0,2.0,9.0,962.0542
177,13000,727.34,86.98,11,12,0,1,32,2.0,1.0,8.0,1002.04048
178,13001,1956.12,250.8,36,137,4,0,45,16.0,5.0,15.0,2724.74216
179,13002,544.89,48.99,7,9,3,0,44,1.0,0.0,6.0,976.0398
180,13004,4241.46,619.61,72,234,2,0,37,26.0,10.0,36.0,6286.38456
181,13008,1186.74,90.0,15,42,4,0,48,2.0,4.0,9.0,2360.51954
182,13011,25.76,19.5,3,17,1,0,18,2.0,0.0,1.0,246.16622
183,13013,2848.17,1211.22,67,158,4,1,13,18.0,14.0,35.0,5998.56216
184,13021,517.23,71.67,8,82,4,1,29,3.0,1.0,4.0,1924.31864
185,13027,128.57,171.92,6,16,1,0,15,1.0,0.0,5.0,360.52656
186,13029,9.99,6.0,1,1,1,0,35,0.0,0.0,1.0,16.4895
187,13030,1432.92,624.13,60,226,2,1,39,23.0,11.0,26.0,2656.46304
188,13033,488.0,66.0,11,12,2,1,50,4.0,0.0,7.0,609.47508
189,13034,114.6,71.5,11,39,4,0,40,2.0,2.0,7.0,247.55676
190,13047,2320.33,315.96,44,175,2,1,43,18.0,3.0,23.0,3348.77498
191,13048,1042.26,446.88,40,556,4,1,45,14.0,7.0,19.0,3298.94848
192,13049,196.77,42.0,7,15,1,1,3,5.0,0.0,2.0,282.82656
193,13050,6942.81,794.53,103,298,4,0,10,33.0,8.0,62.0,11341.08425
194,13064,167.95,54.0,9,11,0,1,15,3.0,1.0,5.0,237.36238
195,13065,975.63,91.0,14,27,4,0,32,6.0,2.0,6.0,1655.6929200000002
196,13068,1.0,6.0,1,1,2,0,47,1.0,0.0,0.0,6.99
197,13069,6436.73,906.89,138,266,1,0,38,43.0,23.0,72.0,9848.98412
198,13077,259.18,91.0,14,148,1,0,45,5.0,3.0,6.0,1777.28298
199,13078,1819.71,408.62,54,409,2,0,28,16.0,11.0,27.0,4471.40575
200,13081,10680.17,2600.72,261,1137,1,0,5,86.0,35.0,140.0,23607.04965
201,13082,789.99,42.0,7,9,4,1,45,3.0,1.0,3.0,1118.4082
202,13089,19074.62,3273.12,366,927,0,0,25,137.0,49.0,180.0,30682.473110000003
203,13090,738.2099999999999,133.27,13,34,0,1,4,3.0,4.0,6.0,1511.2822
204,13092,276.94,55.99,7,8,3,0,2,3.0,1.0,3.0,339.54109
205,13093,7564.74,1118.51,143,612,2,1,35,53.0,24.0,66.0,13057.10722
206,13094,226.97,89.1,5,26,3,1,10,1.0,2.0,2.0,471.82408
207,13097,1729.13,557.06,52,280,2,1,33,25.0,4.0,23.0,3571.2249300000003
208,13098,1808.19,142.68,21,25,2,0,5,8.0,5.0,8.0,2431.1222
209,13102,5050.35,661.3,93,169,1,0,10,32.0,8.0,53.0,9386.99281
210,13104,119.0,6.0,1,1,1,0,20,1.0,0.0,0.0,123.81000000000002
211,13107,977.13,317.38,23,149,2,0,20,8.0,4.0,11.0,3114.71508
212,13108,51.35,100.91,10,253,4,0,45,0.0,3.0,7.0,623.0708
213,13110,748.3199999999999,126.0,20,52,1,0,36,7.0,2.0,11.0,1075.59254
214,13113,3015.39,565.98,62,2494,0,1,44,16.0,9.0,37.0,22596.72783
215,13115,134.39,12.5,2,9,4,0,26,0.0,1.0,1.0,288.6816
216,13117,1470.89,263.05,34,89,0,1,30,9.0,5.0,20.0,2415.05084
217,13124,3129.95,394.46,61,76,1,1,4,18.0,11.0,32.0,4878.3379
218,13126,1543.36,248.89,32,73,3,0,37,12.0,3.0,17.0,2539.40569
219,13136,218.98,18.0,3,3,2,0,48,1.0,0.0,2.0,253.7864
220,13137,5555.78,391.6,48,78,2,1,37,15.0,11.0,22.0,7618.39157
221,13138,1001.88,91.0,14,21,2,0,21,4.0,2.0,8.0,1693.3017800000002
222,13140,324.09000000000003,320.23,16,36,1,1,34,7.0,3.0,6.0,783.79764
223,13141,2479.9,318.56,32,112,4,0,25,10.0,4.0,18.0,3630.16832
224,13144,31.99,18.0,3,3,2,1,38,2.0,0.0,1.0,54.0962
225,13145,16.5,6.5,1,1,2,0,4,1.0,0.0,0.0,24.023
226,13148,13196.14,1151.24,130,186,1,1,16,44.0,23.0,63.0,19157.6
227,13155,3621.44,811.08,63,164,2,0,8,19.0,13.0,31.0,6274.88135
228,13158,1312.82,198.12,19,67,1,0,47,6.0,6.0,7.0,3706.7486
229,13161,447.74,52.0,8,9,4,0,4,2.0,1.0,5.0,544.67932
230,13162,1928.14,253.99,40,111,1,0,14,12.0,7.0,21.0,3863.3304
231,13165,493.44,78.0,13,17,4,0,31,7.0,0.0,6.0,924.8657
232,13168,2368.43,586.1899999999999,76,753,4,0,24,28.0,10.0,38.0,5878.655000000001
233,13173,1579.77,187.99,23,151,2,0,8,9.0,4.0,10.0,4020.3736
234,13174,13427.58,2687.7,242,794,4,1,25,82.0,44.0,116.0,24470.40076
235,13178,1279.34,233.97,32,37,2,0,9,13.0,4.0,15.0,2086.96806
236,13183,1355.27,168.79,20,48,1,0,42,6.0,1.0,13.0,2105.64912
237,13187,742.7,325.35,37,117,4,0,50,9.0,7.0,21.0,1515.02386
238,13198,4158.66,696.89,77,132,2,1,50,30.0,9.0,38.0,6261.369860000001
239,13199,1090.5,99.0,16,32,2,1,47,5.0,5.0,6.0,2106.3838800000003
240,13208,1451.54,307.59,26,97,4,0,4,6.0,2.0,18.0,2442.3757
241,13209,300.61,139.99,21,26,2,0,18,8.0,3.0,10.0,524.3713
242,13211,43.74,25.98,2,2,4,0,33,1.0,0.0,1.0,70.04355999999999
243,13221,1633.85,324.69,35,136,1,0,35,11.0,3.0,21.0,2690.06346
244,13225,131.29,106.33,12,52,1,0,50,3.0,3.0,6.0,625.7065799999999
245,13230,6615.86,1028.9,85,396,2,1,30,27.0,16.0,42.0,11237.69331
246,13233,1049.58,102.0,17,21,4,1,30,8.0,1.0,8.0,1439.8758
247,13238,340.58,43.99,5,35,2,1,19,1.0,1.0,3.0,556.5562
248,13240,1346.75,129.5,21,49,2,0,24,5.0,1.0,15.0,1694.0332600000002
249,13246,1621.11,452.09,40,65,2,0,25,16.0,1.0,23.0,2544.15392
250,13253,142.12,119.31,16,122,4,1,38,4.0,2.0,10.0,610.75955
251,13255,679.4200000000001,39.0,6,12,2,1,15,1.0,2.0,3.0,1423.2022000000002
252,13263,1322.98,260.24,39,175,0,1,16,11.0,4.0,24.0,2952.9896200000003
253,13266,15.39,12.99,1,3,3,0,12,0.0,0.0,1.0,67.4706
254,13267,2322.09,540.38,46,1141,2,1,46,15.0,12.0,19.0,17733.48544
255,13269,1495.65,314.96,28,224,2,0,41,9.0,3.0,16.0,3412.26964
256,13270,79.0,6.5,1,1,4,1,7,1.0,0.0,0.0,84.71000000000002
257,13280,4732.16,620.59,78,220,2,0,43,23.0,9.0,46.0,9075.90156
258,13284,753.53,84.0,14,18,4,0,14,5.0,3.0,6.0,890.6362
259,13295,437.63,77.58,11,71,1,0,33,2.0,4.0,5.0,902.6174
260,13304,381.46,126.0,21,29,2,1,12,8.0,4.0,9.0,809.35698
261,13305,219.7,32.5,5,7,4,0,38,4.0,1.0,0.0,538.14103
262,13309,2955.13,225.99,34,51,4,1,14,12.0,4.0,18.0,4597.28032
263,13310,1125.8,179.4,29,138,0,1,15,8.0,4.0,17.0,2429.2419
264,13313,272.53,102.0,17,21,2,1,42,6.0,3.0,8.0,554.09366
265,13317,681.08,113.04,14,47,4,0,17,3.0,2.0,9.0,1375.55626
266,13319,4283.99,668.88,98,277,4,0,27,33.0,9.0,56.0,7508.15117
267,13324,676.16,562.51,10,103,4,0,24,2.0,3.0,5.0,2597.3464000000004
268,13327,511.0,181.96,21,28,4,0,14,13.0,1.0,7.0,958.52918
269,13328,1554.56,104.7,17,41,4,1,18,4.0,3.0,10.0,2533.1198000000004
270,13329,458.38,57.5,9,10,4,1,2,3.0,2.0,4.0,690.2993
271,13330,1205.4,78.0,13,50,1,0,47,4.0,0.0,9.0,1397.9064
272,13368,3.99,12.99,1,35,2,1,43,0.0,0.0,1.0,166.60500000000002
273,13369,1177.13,141.98,19,25,1,0,24,5.0,1.0,13.0,1881.75756
274,13370,2023.3,528.52,44,129,3,1,41,18.0,8.0,18.0,3592.3133
275,13385,1155.03,320.69,35,199,4,0,26,11.0,7.0,17.0,3631.66192
276,13394,1067.33,109.49,16,20,3,1,6,7.0,3.0,6.0,1226.5954800000002
277,13396,1459.02,97.5,16,26,4,1,25,7.0,2.0,7.0,2583.246
278,13397,223.92,48.0,8,10,2,1,40,2.0,4.0,2.0,624.96148
279,13402,889.48,154.0,17,57,4,1,42,5.0,4.0,8.0,1619.6179000000002
280,13405,201.36,36.0,6,8,1,0,7,3.0,1.0,2.0,329.89148
281,13408,4103.48,1475.14,78,1040,4,1,30,27.0,11.0,40.0,9438.4949
282,13418,2661.51,399.42,49,96,1,0,22,11.0,10.0,28.0,4396.2724
283,13426,461.59,346.56,32,101,4,1,38,8.0,5.0,19.0,1188.6041
284,13448,1596.52,472.79,36,240,2,0,41,8.0,3.0,25.0,2969.61522
285,13451,1397.65,400.98,48,53,2,1,12,18.0,6.0,24.0,2014.91574
286,13455,2030.64,308.1,36,93,1,0,38,12.0,8.0,16.0,3561.30821
287,13458,2006.84,755.09,87,198,2,0,33,32.0,16.0,39.0,4320.17068
288,13468,3932.03,600.16,79,1153,1,1,33,24.0,12.0,43.0,9148.60496
289,13473,203.96,78.0,13,83,1,0,5,3.0,3.0,7.0,682.5495999999999
290,13481,2.8,12.48,1,1,4,1,6,0.0,0.0,1.0,15.784
291,13487,254.94,108.0,11,14,3,1,6,8.0,1.0,2.0,383.72786
292,13488,7275.18,1209.9,149,719,2,0,22,50.0,23.0,76.0,12482.21811
293,13491,2569.33,545.55,42,144,4,0,16,17.0,5.0,20.0,4632.1610900000005
294,13494,856.16,116.5,18,24,2,1,33,7.0,3.0,8.0,1197.21356
295,13495,1156.25,212.09,26,40,1,1,25,12.0,4.0,10.0,2001.69518
296,13496,794.75,203.96,27,142,1,0,21,8.0,4.0,15.0,1623.0874
297,13497,667.75,94.46,10,24,1,0,22,4.0,1.0,5.0,1057.55438
298,13502,93.77,24.0,4,13,2,0,32,3.0,0.0,1.0,123.67854
299,13506,2096.27,631.59,29,106,0,1,30,7.0,5.0,17.0,4207.47402
300,13520,3265.08,208.95,31,69,4,0,19,11.0,3.0,17.0,3840.36388
301,13523,1353.31,195.0,30,36,4,0,13,7.0,4.0,19.0,1880.02262
302,13527,31.56,30.0,5,6,2,0,44,4.0,0.0,1.0,65.08636
303,13531,740.6700000000001,176.01,15,199,0,0,48,5.0,0.0,10.0,7542.527059999999
304,13534,1847.3,474.06,52,246,2,0,20,13.0,12.0,27.0,4280.34402
305,13538,17.57,18.0,3,3,1,1,32,0.0,2.0,1.0,38.7326
306,13539,1023.78,104.97,11,12,1,1,24,4.0,0.0,7.0,1202.34785
307,13551,762.19,24.0,4,5,4,0,46,1.0,1.0,2.0,1088.5292
308,13552,226.25,49.0,8,40,1,0,50,2.0,2.0,4.0,351.54596000000004
309,13564,4386.3,1129.76,82,205,2,1,26,25.0,12.0,45.0,8279.68783
310,13565,832.88,78.0,13,15,0,0,8,3.0,2.0,8.0,1043.45766
311,13569,867.73,399.0,24,134,4,1,14,10.0,3.0,11.0,1923.03134
312,13576,1159.47,211.0,34,226,1,1,23,11.0,3.0,20.0,2370.34376
313,13579,481.54,58.5,9,9,1,0,49,2.0,1.0,6.0,568.25689
314,13581,696.24,74.98,10,15,2,0,47,1.0,4.0,5.0,1028.55004
315,13584,2011.42,171.39,24,35,4,1,35,9.0,4.0,11.0,2902.40204
316,13593,1019.07,925.68,39,171,2,1,28,14.0,6.0,19.0,2833.71704
317,13599,1208.54,435.98,30,32,2,0,46,9.0,6.0,15.0,1993.13768
318,13600,2104.86,120.5,19,23,2,0,13,1.0,4.0,14.0,3071.6687
319,13606,241.57,19.0,3,4,2,0,28,0.0,0.0,3.0,414.6603
320,13611,426.0,124.95,15,133,1,0,5,5.0,2.0,8.0,1277.7865900000002
321,13614,340.95,61.91,9,31,4,1,20,4.0,1.0,4.0,621.1825
322,13615,1195.26,206.26,24,232,2,0,11,7.0,3.0,14.0,2224.88684
323,13627,981.34,127.99,20,62,4,0,49,3.0,3.0,14.0,2126.42024
324,13629,901.68,56.99,8,14,1,0,22,1.0,0.0,7.0,1117.9540000000002
325,13634,536.07,229.5,38,208,4,1,21,9.0,7.0,22.0,1270.54864
326,13649,377.63,237.01,15,59,2,0,34,1.0,5.0,9.0,780.6297000000001
327,13652,357.82,117.0,18,20,3,0,35,7.0,0.0,11.0,542.2967799999999
328,13656,886.39,823.3499999999999,31,68,4,1,44,10.0,4.0,17.0,2366.05704
329,13659,3563.96,391.48,62,113,4,0,8,15.0,8.0,39.0,4905.77968
330,13668,3071.88,479.19,61,113,4,0,15,18.0,11.0,32.0,5036.61797
331,13672,209.76,49.98,6,8,0,0,45,1.0,0.0,5.0,291.54276
332,13680,3977.8,616.56,91,299,3,1,34,36.0,15.0,40.0,6934.134440000001
333,13693,17.169999999999998,26.0,4,10,4,1,3,3.0,1.0,0.0,59.30488
334,13694,4091.27,779.89,104,152,2,0,44,25.0,21.0,58.0,6645.21104
335,13700,835.46,205.8,26,110,4,1,42,9.0,3.0,14.0,1439.63292
336,13703,119.0,19.99,1,2,4,0,18,0.0,0.0,1.0,281.79
337,13705,658.76,65.0,10,16,4,0,39,4.0,2.0,4.0,1422.7635800000005
338,13707,2722.39,309.57,32,272,4,0,28,9.0,5.0,18.0,4500.9698
339,13709,1558.61,228.5,31,471,1,0,22,10.0,3.0,18.0,2908.3167000000003
340,13715,3882.12,865.7,100,272,2,1,23,41.0,15.0,44.0,8233.52735
341,13725,3873.04,268.99,41,50,4,0,48,10.0,7.0,24.0,4919.41497
342,13728,471.92,58.0,9,19,1,0,2,1.0,3.0,5.0,1103.10392
343,13742,5189.97,852.37,96,500,2,0,6,32.0,13.0,51.0,9678.0995
344,13747,153.71,6.5,1,1,4,0,21,0.0,0.0,1.0,175.58100000000002
345,13748,1.24,6.5,1,1,2,0,30,0.0,0.0,1.0,7.9632
346,13750,2.79,6.0,1,1,1,1,20,0.0,0.0,1.0,9.2922
347,13754,402.73,58.85,8,89,1,1,7,1.0,4.0,3.0,1016.6604
348,13756,849.02,110.98,16,46,2,0,6,2.0,3.0,11.0,1803.50014
349,13758,1475.9,275.83,33,60,3,1,46,7.0,5.0,21.0,2467.47022
350,13764,2694.57,428.49,69,98,1,1,14,16.0,11.0,42.0,4786.61757
351,13767,3151.65,1418.8,73,206,4,0,29,35.0,11.0,27.0,6527.34753
352,13769,1651.75,301.5,32,100,1,0,20,11.0,5.0,16.0,3685.46149
353,13777,5469.27,458.52,67,80,2,0,7,18.0,8.0,41.0,7467.06598
354,13782,2336.94,318.31,36,80,0,1,17,10.0,5.0,21.0,3490.81182
355,13784,280.68,37.0,6,6,1,1,30,5.0,0.0,1.0,272.95812
356,13786,101.94,227.84,7,29,4,1,21,2.0,0.0,5.0,568.59669
357,13787,328.34000000000003,42.0,7,8,0,0,35,2.0,0.0,5.0,447.14852
358,13798,6398.51,1162.44,123,348,2,1,37,35.0,17.0,71.0,11462.26444
359,13800,2213.99,270.42,33,60,2,0,27,11.0,6.0,16.0,3475.85668
360,13802,856.97,172.49,22,48,0,0,40,7.0,4.0,11.0,1339.95442
361,13807,798.99,52.1,7,12,4,0,33,3.0,1.0,3.0,1215.12348
362,13815,5523.22,323.4,53,85,2,0,33,16.0,8.0,29.0,9010.7274
363,13817,121.15,54.0,9,10,2,1,14,3.0,2.0,4.0,192.6213
364,13819,2330.43,270.08,24,150,2,0,7,7.0,3.0,14.0,3419.75245
365,13824,733.62,69.5,11,12,4,1,42,5.0,1.0,5.0,862.98158
366,13829,16.99,6.0,1,1,1,0,38,1.0,0.0,0.0,20.03374
367,13831,164.99,13.0,2,3,2,0,35,0.0,1.0,1.0,359.6682
368,13837,386.45,54.0,9,120,2,0,5,2.0,2.0,5.0,1256.5016
369,13838,3785.64,387.58,52,185,2,0,5,18.0,10.0,24.0,7088.4169600000005
370,13842,1669.83,1074.59,55,562,1,0,5,20.0,8.0,27.0,8385.82908
371,13846,340.86,226.68,28,210,0,0,4,7.0,6.0,15.0,1487.45754
372,13848,3.19,85.01,1,15,1,1,35,1.0,0.0,0.0,132.38150000000002
373,13854,2345.46,296.5,33,144,4,0,44,12.0,6.0,15.0,3217.15488
374,13859,1765.95,202.22,28,72,1,1,45,7.0,6.0,15.0,2677.1955700000003
375,13862,2392.7,231.13,29,84,2,1,32,9.0,4.0,16.0,3689.0456
376,13869,5704.63,765.05,71,729,0,0,6,24.0,15.0,32.0,13530.6303
377,13871,2302.35,227.92,23,33,1,0,17,7.0,4.0,12.0,3472.04761
378,13873,353.86,58.99,7,7,4,1,24,2.0,0.0,5.0,398.22278
379,13874,631.16,128.97,18,81,2,0,39,5.0,4.0,9.0,1140.80989
380,13880,666.99,99.78,6,27,1,0,40,3.0,0.0,3.0,1199.89
381,13881,798.77,83.5,13,25,4,0,22,6.0,3.0,4.0,2250.08828
382,13883,3.5,6.0,1,10,2,1,36,1.0,0.0,0.0,34.91
383,13890,725.52,201.76,12,141,1,0,31,5.0,1.0,6.0,1689.9701
384,13894,748.92,75.98,10,11,1,0,16,3.0,1.0,6.0,838.52422
385,13898,43.6,72.0,12,122,0,0,23,1.0,4.0,7.0,412.6483
386,13901,497.96,102.16,11,22,2,0,10,7.0,1.0,3.0,780.88076
387,13911,2178.26,157.5,25,131,4,1,30,8.0,2.0,15.0,3255.3226
388,13922,111.15,58.58,7,27,0,0,11,1.0,3.0,3.0,402.2173
389,13929,39.97,18.0,3,157,3,0,21,0.0,1.0,2.0,3152.1082
390,13939,1330.76,93.11,13,14,4,1,36,5.0,0.0,8.0,1353.19118
391,13941,755.84,89.97,12,17,1,0,38,4.0,2.0,6.0,1053.54098
392,13948,142.82,18.0,3,3,4,0,9,1.0,1.0,1.0,162.82760000000002
393,13953,7.2,6.0,1,1,4,0,16,0.0,0.0,1.0,14.496
394,13958,464.47,32.5,5,5,0,0,22,2.0,0.0,3.0,526.3670000000001
395,13959,743.41,96.0,16,30,2,1,38,5.0,4.0,7.0,1146.5034400000002
396,13963,1452.65,1243.62,35,371,4,0,40,14.0,5.0,16.0,5336.25018
397,13969,1274.69,734.07,44,251,1,0,15,17.0,8.0,19.0,3582.4670800000004
398,13982,2903.22,377.94,52,180,4,0,13,17.0,10.0,25.0,4687.54738
399,13983,2295.61,603.7,50,561,2,1,30,18.0,5.0,27.0,10902.890339999998
400,13984,97.41,58.5,9,11,1,0,34,1.0,1.0,7.0,178.09908
401,13993,253.34,176.04,18,25,4,1,49,6.0,6.0,6.0,579.86456
402,13999,2352.89,248.58,32,45,4,0,48,11.0,3.0,18.0,3457.29408
403,14001,523.66,204.24,9,63,1,0,10,3.0,1.0,5.0,1265.82858
404,14006,294.12,44.5,7,12,0,0,3,4.0,1.0,2.0,603.54638
405,14016,1158.76,317.92,39,53,2,1,41,17.0,3.0,19.0,1843.96373
406,14030,1707.85,761.6,27,322,2,0,5,5.0,2.0,20.0,5325.16738
407,14031,1998.13,450.32,51,160,4,0,17,20.0,5.0,26.0,3581.11332
408,14032,1700.38,308.35,32,239,1,1,50,15.0,4.0,13.0,4669.394200000001
409,14037,779.78,252.15,26,71,2,1,24,14.0,3.0,9.0,1682.005
410,14040,5216.41,1084.1,67,333,1,0,10,27.0,7.0,33.0,8800.661
411,14044,5266.23,432.88,55,72,2,1,49,11.0,8.0,36.0,8071.487300000001
412,14045,104.74,44.48,5,8,2,0,14,1.0,2.0,2.0,169.56098
413,14047,99.69,121.23,15,97,2,0,10,7.0,3.0,5.0,397.03758
414,14049,7769.63,805.09,115,271,4,1,45,37.0,15.0,63.0,12679.01988
415,14051,2469.71,288.76,41,77,4,1,6,10.0,9.0,22.0,4296.5237
416,14057,2254.86,449.95,48,132,1,1,39,17.0,5.0,26.0,3634.4455
417,14060,1769.04,455.18,40,346,4,0,22,14.0,13.0,13.0,4452.929590000001
418,14062,3211.35,305.95,44,232,2,0,18,20.0,3.0,21.0,5551.60012
419,14068,771.09,221.09,24,254,2,1,32,9.0,4.0,11.0,2535.53244
420,14078,158.29999999999998,1322.71,13,140,1,0,7,2.0,3.0,8.0,2751.6825
421,14081,2400.0,587.87,69,262,2,0,49,24.0,10.0,35.0,6195.64243
422,14082,2338.06,188.48,29,30,1,0,31,13.0,3.0,13.0,2765.19826
423,14083,3378.14,1115.04,95,664,4,1,41,27.0,14.0,54.0,8321.60116
424,14085,6668.39,1316.44,171,691,1,0,5,64.0,26.0,81.0,13551.32318
425,14088,6503.55,983.77,93,358,3,1,39,31.0,15.0,47.0,10762.28518
426,14090,13.2,6.0,1,1,2,0,32,0.0,1.0,0.0,21.576
427,14092,2217.5,451.26,61,194,4,0,41,21.0,10.0,30.0,3398.2591
428,14099,3828.23,512.38,59,383,1,1,32,22.0,7.0,30.0,7118.27211
429,14101,106.98,18.0,3,4,2,1,25,1.0,0.0,2.0,151.89813999999998
430,14107,753.44,178.12,17,48,4,1,11,5.0,2.0,10.0,1305.1208
431,14113,477.66,81.82,7,43,4,1,23,6.0,0.0,1.0,659.80638
432,14114,719.2,87.97999999999999,11,15,2,1,18,5.0,0.0,6.0,1235.1675
433,14119,15.19,6.0,1,1,2,1,8,0.0,0.0,1.0,23.9242
434,14127,1570.08,134.99,20,27,4,0,17,4.0,4.0,12.0,2333.9288
435,14130,5582.17,654.62,67,180,1,0,50,22.0,5.0,40.0,11835.79128
436,14133,1212.42,106.5,17,46,4,0,32,6.0,2.0,9.0,2119.38086
437,14135,2807.77,844.73,70,199,4,0,21,27.0,8.0,35.0,6227.896650000001
438,14142,2319.04,179.63,22,40,4,0,21,12.0,4.0,6.0,3983.33124
439,14146,3960.68,529.77,70,579,2,1,29,20.0,13.0,37.0,11661.09828
440,14150,623.12,85.98,12,13,4,1,48,3.0,1.0,8.0,815.7543400000001
441,14156,5962.09,752.55,86,112,2,0,5,30.0,11.0,45.0,8740.84921
442,14159,1707.0,333.94,51,134,2,0,13,12.0,10.0,29.0,2893.61212
443,14161,1532.04,329.26,26,89,4,0,41,9.0,4.0,13.0,2949.73362
444,14167,439.32,305.81,18,175,2,1,29,3.0,4.0,11.0,1524.3312
445,14175,858.65,240.05,21,64,2,1,37,3.0,1.0,17.0,2001.53048
446,14176,404.7,128.05,14,15,1,0,13,6.0,1.0,7.0,560.7212999999999
447,14180,4157.88,1627.71,88,1669,2,0,11,32.0,9.0,47.0,23767.76096
448,14185,24.8,18.0,3,12,2,0,19,0.0,0.0,3.0,134.112
449,14188,961.37,98.93,12,57,2,0,50,5.0,3.0,4.0,1356.59185
450,14189,2469.4,815.38,47,357,1,0,7,18.0,10.0,19.0,5783.0518600000005
451,14194,2613.81,227.97,30,52,4,1,19,13.0,5.0,12.0,4324.59142
452,14201,309.98,24.0,4,6,2,0,12,1.0,2.0,1.0,374.2026
453,14205,689.07,118.87,14,61,4,1,26,4.0,6.0,4.0,1717.18808
454,14206,149.0,6.0,1,2,4,0,24,0.0,1.0,0.0,333.8
455,14209,840.76,138.59,16,332,2,0,29,6.0,2.0,8.0,2664.80156
456,14210,1887.57,290.82,37,53,1,0,18,10.0,8.0,19.0,3750.09522
457,14213,64.53,32.5,5,5,2,0,25,2.0,1.0,2.0,101.79348
458,14215,1749.31,640.6,52,244,1,0,29,16.0,10.0,26.0,3803.87932
459,14217,766.0600000000001,177.48,22,48,1,0,10,7.0,5.0,10.0,1092.10894
460,14220,849.35,79.98,11,12,2,0,19,3.0,3.0,5.0,1060.42064
461,14221,615.93,587.86,18,266,1,0,39,4.0,2.0,12.0,2471.25865
462,14224,2589.9,304.89,40,113,4,0,3,14.0,8.0,18.0,4273.525000000001
463,14229,1166.8,147.69,23,37,4,1,29,5.0,2.0,16.0,1947.74848
464,14233,1463.1899999999998,163.71,15,44,0,0,2,8.0,2.0,5.0,2129.54158
465,14236,177.43,19.5,3,23,4,0,18,1.0,0.0,2.0,300.16060000000004
466,14237,494.73,191.22,9,22,4,0,39,5.0,1.0,3.0,958.08118
467,14238,587.47,58.86,8,29,1,1,21,3.0,0.0,5.0,960.42468
468,14239,87.47,54.0,9,139,2,0,46,2.0,2.0,5.0,575.91376
469,14242,676.74,48.0,8,10,4,0,26,1.0,0.0,7.0,1011.2132
470,14243,2056.11,461.94,40,131,1,1,46,17.0,6.0,17.0,4155.25148
471,14248,114.25,48.0,8,16,4,1,34,1.0,2.0,5.0,284.295
472,14256,1532.51,199.98,32,77,4,0,7,9.0,5.0,18.0,3385.5473800000004
473,14257,2630.97,269.97,39,116,4,0,38,12.0,5.0,22.0,4458.043540000001
474,14258,721.62,198.96,31,78,2,0,31,7.0,8.0,16.0,1447.11278
475,14264,17.009999999999998,13.0,2,2,4,1,16,1.0,0.0,1.0,31.28008
476,14270,821.52,480.11,29,174,1,1,6,9.0,3.0,17.0,2021.1485
477,14282,838.02,117.27,13,53,0,0,37,5.0,0.0,8.0,1156.84568
478,14290,532.92,483.67,25,395,1,0,17,9.0,2.0,14.0,3627.93096
479,14292,265.2,18.0,3,7,0,1,22,3.0,0.0,0.0,467.6072
480,14293,415.69,97.5,15,40,2,0,18,5.0,2.0,8.0,1089.25746
481,14295,201.8,21.18,2,6,4,0,7,0.0,1.0,1.0,256.6
482,14298,7687.88,3501.0,241,801,4,1,41,79.0,43.0,119.0,17633.168830000002
483,14299,1704.57,239.94,34,129,3,0,18,12.0,3.0,19.0,3529.4354000000003
484,14307,5209.84,1024.23,79,394,2,0,28,32.0,6.0,41.0,8906.60079
485,14309,619.07,137.0,22,39,0,0,49,5.0,3.0,14.0,925.61622
486,14312,1209.98,174.22,23,551,4,1,27,9.0,4.0,10.0,3699.58346
487,14320,1880.36,204.0,34,44,4,0,29,13.0,0.0,21.0,3097.9089000000004
488,14321,1051.42,273.77,29,157,3,0,24,10.0,5.0,14.0,2448.005
489,14329,2797.32,848.46,76,158,2,0,22,19.0,14.0,43.0,5126.29364
490,14334,2100.17,533.3100000000001,42,135,2,1,41,16.0,4.0,22.0,3682.72027
491,14341,978.36,254.25,24,135,4,0,3,4.0,2.0,18.0,1982.53866
492,14344,1073.74,499.64,14,29,1,0,15,5.0,2.0,7.0,1773.4662
493,14355,407.67,133.17,11,100,1,0,7,4.0,1.0,6.0,1525.1685
494,14368,1404.99,60.83,8,9,1,0,4,4.0,1.0,3.0,1666.2340000000002
495,14373,148.46,24.0,4,4,4,0,40,1.0,0.0,3.0,180.60134
496,14388,588.8199999999999,264.52,23,250,2,0,6,8.0,2.0,13.0,1922.37778
497,14389,18.47,77.94,6,166,3,1,38,2.0,1.0,3.0,777.9982
498,14390,2627.84,210.8,28,39,4,1,37,12.0,3.0,13.0,3911.29594
499,14395,2822.01,619.51,63,116,0,1,4,23.0,9.0,31.0,4397.48966
500,14396,2022.72,566.67,34,341,0,1,9,8.0,8.0,18.0,5110.8157200000005
501,14401,1004.51,149.96,20,39,2,0,20,8.0,2.0,10.0,1991.26641
502,14404,2818.05,306.97,46,62,4,1,32,12.0,9.0,25.0,3852.38504
503,14409,1328.58,85.5,14,26,1,1,15,5.0,1.0,8.0,2488.28998
504,14410,826.65,52.0,8,11,1,0,45,2.0,1.0,5.0,1183.13702
505,14411,604.14,90.0,14,14,1,0,17,5.0,3.0,6.0,697.3746699999999
506,14413,781.3,389.82,23,107,4,0,34,7.0,4.0,12.0,2685.86548
507,14414,160.17000000000002,48.0,8,9,0,0,7,2.0,1.0,5.0,308.72008
508,14415,4956.66,1275.99,117,384,0,1,47,44.0,13.0,60.0,11929.0309
509,14419,750.41,145.44,21,47,1,1,20,7.0,6.0,8.0,1754.03176
510,14426,2725.47,321.44,47,69,2,0,13,17.0,8.0,22.0,4128.5754400000005
511,14428,786.89,234.87,24,32,4,0,23,2.0,6.0,16.0,1393.39198
512,14437,166.0,32.5,5,5,1,0,3,2.0,2.0,1.0,201.27685
513,14438,245.5,55.5,9,29,1,0,41,5.0,2.0,2.0,546.93384
514,14439,1927.53,241.15,32,99,1,0,48,9.0,4.0,19.0,3245.39796
515,14440,2848.24,270.6,31,280,0,0,10,14.0,5.0,12.0,5617.34379
516,14441,11.59,28.95,2,3,0,1,19,0.0,0.0,2.0,53.291
517,14442,2379.67,268.97,32,251,2,0,44,7.0,10.0,15.0,4269.9439
518,14443,1443.19,685.44,42,156,0,0,41,15.0,5.0,22.0,2551.80058
519,14448,606.18,108.99,18,43,2,0,42,5.0,6.0,7.0,817.4514200000001
520,14449,3068.49,1127.02,50,406,0,1,39,21.0,8.0,21.0,7670.56887
521,14450,640.92,163.92999999999998,11,44,1,0,29,2.0,3.0,6.0,1053.68428
522,14457,66.66,150.04,4,106,0,0,4,2.0,1.0,1.0,1733.7496
523,14460,273.18,19.49,2,3,2,0,38,1.0,0.0,1.0,386.8152
524,14462,5813.39,471.55,59,83,4,0,42,20.0,11.0,28.0,8472.02616
525,14466,1404.6,123.99,17,23,4,0,18,7.0,2.0,8.0,2052.64155
526,14467,1176.6,106.49,15,193,4,0,34,5.0,2.0,8.0,2903.71936
527,14472,2374.41,519.25,70,835,3,0,10,11.0,18.0,41.0,6596.108200000001
528,14479,227.46,62.0,10,50,2,0,17,5.0,0.0,5.0,445.87068
529,14487,803.92,367.72,14,124,4,0,41,3.0,1.0,10.0,1826.31704
530,14491,312.52000000000004,26.0,4,60,2,0,6,2.0,0.0,2.0,589.4453000000001
531,14496,397.13,136.48,19,29,2,0,47,9.0,4.0,6.0,864.9774600000001
532,14497,1778.52,269.87,29,154,2,1,42,10.0,5.0,14.0,2878.13898
533,14498,382.3,108.0,14,18,4,0,25,8.0,0.0,6.0,775.3546600000001
534,14501,816.0,65.97,4,5,4,0,20,2.0,0.0,2.0,1045.19
535,14502,3320.67,312.47,45,57,4,1,22,20.0,9.0,16.0,4988.7887200000005
536,14505,6817.18,1311.83,183,511,2,0,8,69.0,27.0,87.0,12442.59581
537,14506,3814.1,609.78,50,134,2,0,34,25.0,7.0,18.0,6864.63652
538,14514,518.25,158.0,26,72,4,0,29,10.0,4.0,12.0,1390.07806
539,14524,579.53,166.85,26,35,1,0,15,8.0,6.0,12.0,1125.89318
540,14525,1791.5,168.99,27,32,0,0,48,7.0,1.0,19.0,2242.55084
541,14527,8318.59,1825.04,199,955,2,1,43,70.0,31.0,98.0,18310.64467
542,14532,1277.25,142.5,23,53,4,0,44,8.0,2.0,13.0,2024.85806
543,14533,482.23,84.32,10,20,4,0,30,4.0,2.0,4.0,1490.2000400000002
544,14534,3566.55,394.11,29,85,2,1,14,6.0,4.0,19.0,5659.2262
545,14540,1382.17,103.95,11,13,0,0,12,2.0,2.0,7.0,1569.7680800000005
546,14541,6765.32,919.12,75,1069,2,0,24,20.0,15.0,40.0,13900.56168
547,14543,1274.58,79.99,11,22,4,1,11,3.0,1.0,7.0,2859.6521
548,14544,1836.17,751.5,57,510,2,1,6,23.0,10.0,24.0,5321.61758
549,14548,164.99,12.0,2,3,2,0,48,0.0,1.0,1.0,358.6682
550,14549,2642.57,623.54,56,445,4,0,22,19.0,8.0,29.0,7446.73779
551,14553,482.67,158.97,23,30,2,0,25,8.0,2.0,13.0,965.01186
552,14560,1447.1,166.94,22,28,4,1,40,8.0,2.0,12.0,2089.5293300000003
553,14565,1083.79,492.57,54,110,2,0,39,16.0,6.0,32.0,2263.08794
554,14572,4054.62,413.78,58,109,2,0,43,17.0,10.0,31.0,5618.30161
555,14573,3075.24,1057.36,76,625,2,1,40,26.0,11.0,39.0,8334.537400000001
556,14576,59.83,6.5,1,1,4,0,26,1.0,0.0,0.0,70.03945999999999
557,14577,2039.12,271.5,38,70,2,1,36,13.0,7.0,18.0,2793.24098
558,14587,5684.11,1003.79,118,441,4,0,30,35.0,25.0,58.0,11285.15925
559,14589,13.57,105.9,3,35,1,0,48,2.0,0.0,1.0,278.9154
560,14594,2937.84,225.62,31,61,2,1,5,12.0,4.0,15.0,5145.14914
561,14595,536.99,32.0,5,7,1,0,33,3.0,0.0,2.0,741.2682
562,14600,161.04,26.49,2,9,2,0,7,0.0,0.0,2.0,823.638
563,14606,29676.79,6907.71,575,3127,4,0,33,219.0,91.0,265.0,66004.54347
564,14608,5.59,6.0,1,1,2,0,48,0.0,0.0,1.0,12.5962
565,14616,119.0,6.0,1,1,1,0,33,0.0,0.0,1.0,136.9
566,14618,298.96000000000004,57.47,6,40,4,1,13,1.0,1.0,4.0,633.46055
567,14621,643.88,175.7,16,1014,0,0,41,5.0,2.0,9.0,3835.25782
568,14625,1216.55,1085.9499999999998,36,119,4,0,14,13.0,4.0,19.0,2922.68836
569,14627,379.79,32.5,5,7,4,0,46,2.0,2.0,1.0,661.4102
570,14639,1699.62,295.97,42,53,4,1,46,6.0,8.0,28.0,3513.86996
571,14643,550.37,139.38,18,69,3,0,4,1.0,5.0,12.0,1350.9426
572,14646,15579.78,1886.9,290,781,2,1,45,100.0,35.0,155.0,23935.03529
573,14653,1380.59,248.38,29,176,2,1,2,10.0,6.0,13.0,2715.5844600000005
574,14657,3148.2,842.87,62,251,4,1,2,27.0,13.0,22.0,5908.58432
575,14659,3677.04,355.78000000000003,50,116,1,0,42,14.0,11.0,25.0,6095.02588
576,14662,2468.14,241.23,24,120,2,1,36,10.0,1.0,13.0,4288.7781
577,14665,1154.16,493.58,26,403,4,0,4,6.0,2.0,18.0,5835.194579999999
578,14667,6859.05,1334.58,168,1573,2,0,30,59.0,25.0,84.0,30200.40314
579,14669,3882.83,1191.99,110,146,1,0,39,36.0,12.0,62.0,7284.25872
580,14672,1547.17,211.99,34,168,1,1,8,10.0,7.0,17.0,2625.37528
581,14673,1026.92,97.5,15,28,1,1,9,5.0,3.0,7.0,1770.9791
582,14679,153.71,6.5,1,1,2,1,26,1.0,0.0,0.0,158.6729
583,14680,3722.82,1003.59,89,577,2,0,37,36.0,9.0,44.0,8617.623
584,14684,2276.69,360.55,44,265,4,0,4,14.0,6.0,24.0,3602.9764
585,14688,4787.76,390.46,58,124,1,0,46,18.0,10.0,30.0,8071.688370000001
586,14692,2983.14,168.0,28,48,2,0,16,9.0,5.0,14.0,5599.09638
587,14696,2914.23,247.8,35,96,1,1,48,11.0,6.0,18.0,3817.7902
588,14701,5674.11,616.58,57,277,4,1,43,15.0,14.0,28.0,8718.58912
589,14702,4196.2,923.16,91,308,1,0,50,38.0,14.0,39.0,8935.44888
590,14708,568.71,1184.1,13,67,4,0,16,7.0,2.0,4.0,2951.98013
591,14709,1712.63,314.38,37,103,1,1,45,17.0,5.0,15.0,2940.05256
592,14713,5092.8,732.79,80,219,4,0,42,31.0,11.0,38.0,8132.684560000001
593,14715,478.35,78.0,13,13,0,0,2,4.0,2.0,7.0,578.3582600000001
594,14723,3682.14,1215.55,90,297,4,1,4,33.0,15.0,42.0,7914.984060000001
595,14729,5072.87,540.66,71,352,3,1,43,27.0,8.0,36.0,9213.8237
596,14732,285.96,60.0,10,10,1,0,33,5.0,0.0,5.0,375.59804
597,14733,6068.02,1319.42,134,617,1,1,30,45.0,15.0,74.0,12295.00914
598,14735,1561.92,212.69,33,209,4,1,46,17.0,2.0,14.0,3202.91034
599,14737,71.42,129.88,8,21,0,0,21,2.0,2.0,4.0,287.08556
600,14738,1400.98,79.98,11,17,4,1,13,3.0,0.0,8.0,2221.48876
601,14739,891.78,114.0,18,29,1,0,27,8.0,1.0,9.0,1080.46758
602,14741,794.66,284.91,19,33,2,1,32,5.0,4.0,10.0,1677.84366
603,14744,1525.19,91.48,14,136,2,0,31,4.0,4.0,6.0,1887.92632
604,14748,775.36,226.0,35,210,4,0,31,16.0,5.0,14.0,1861.85763
605,14755,1926.16,168.99,27,40,0,0,50,12.0,2.0,13.0,2862.45372
606,14761,72.34,106.8,7,116,2,0,17,3.0,2.0,2.0,1026.62612
607,14766,521.78,58.49,8,10,1,1,24,1.0,0.0,7.0,878.4736
608,14769,3985.76,360.99,59,80,4,0,26,25.0,9.0,25.0,5309.36055
609,14770,623.13,338.34000000000003,17,139,1,1,39,8.0,5.0,4.0,1289.40335
610,14775,1084.15,173.5,20,43,4,0,25,7.0,3.0,10.0,1669.8585400000002
611,14776,2030.13,147.91,22,31,1,0,42,9.0,4.0,9.0,3169.50832
612,14777,28.78,39.98,2,2,4,1,40,0.0,0.0,2.0,73.94039999999998
613,14778,1954.03,152.59,18,72,4,1,26,7.0,2.0,9.0,2935.02437
614,14779,1752.08,367.23,35,643,4,1,17,11.0,8.0,16.0,9099.28946
615,14782,132.75,36.0,6,11,2,1,12,2.0,1.0,3.0,526.8747
616,14784,206.98,24.0,4,12,0,0,25,2.0,0.0,2.0,266.473
617,14794,490.66,54.0,9,13,1,0,31,5.0,1.0,3.0,845.51152
618,14796,9432.66,1432.26,143,646,4,0,3,44.0,20.0,79.0,16293.73738
619,14798,850.11,72.47,6,8,2,0,37,0.0,0.0,6.0,1292.9015
620,14800,7068.67,1186.51,146,404,4,1,21,59.0,16.0,71.0,12115.79612
621,14805,2309.26,144.56,19,56,1,1,20,9.0,1.0,9.0,3187.6076
622,14810,2573.18,2322.4300000000003,55,279,2,1,21,22.0,9.0,24.0,6919.01566
623,14813,1763.0,195.0,30,42,1,0,32,7.0,8.0,15.0,3140.37494
624,14821,238.0,13.0,2,3,4,1,41,1.0,0.0,1.0,366.43
625,14825,883.12,147.25,18,225,2,0,34,6.0,1.0,11.0,2235.9134400000003
626,14828,281.47,71.97,5,5,1,0,25,2.0,1.0,2.0,332.7046
627,14829,2682.4,211.07,29,47,2,1,15,8.0,7.0,14.0,5059.3963
628,14841,1623.19,155.94,19,24,2,0,50,3.0,2.0,14.0,2500.01776
629,14842,163.07999999999998,12.5,2,2,0,0,14,0.0,1.0,1.0,192.784
630,14849,2632.75,689.37,52,219,0,0,45,15.0,12.0,25.0,5791.71702
631,14850,1230.99,201.45,22,30,2,0,21,10.0,2.0,10.0,1615.3329
632,14865,31.33,19.5,3,3,0,0,8,0.0,0.0,3.0,56.3382
633,14866,15.19,6.5,1,1,4,0,43,0.0,1.0,0.0,22.4495
634,14867,424.79,253.97,16,38,4,0,50,7.0,1.0,8.0,1033.9316
635,14871,504.56,167.98,25,35,2,1,27,9.0,6.0,10.0,1035.8089200000002
636,14878,639.31,147.92,13,16,1,1,12,4.0,4.0,5.0,1117.35476
637,14889,458.16,80.99,10,19,4,1,6,2.0,4.0,4.0,596.1976000000001
638,14895,8.99,18.0,3,30,2,1,42,0.0,1.0,2.0,103.08
639,14896,2015.15,259.23,32,66,3,0,40,8.0,5.0,19.0,3913.5862
640,14898,835.99,139.64,12,52,2,0,25,5.0,2.0,5.0,1773.46198
641,14901,2331.75,472.71,40,100,4,0,4,19.0,8.0,13.0,5083.46994
642,14907,2094.52,408.77,48,261,4,1,46,18.0,6.0,24.0,5272.73322
643,14911,29721.53,7189.44,523,2232,2,0,34,178.0,85.0,260.0,58317.29771
644,14913,383.16,410.0,17,30,3,1,4,4.0,1.0,12.0,1081.12936
645,14916,1670.93,91.5,15,20,4,0,42,6.0,2.0,7.0,2215.88928
646,14932,237.61,111.37,17,53,0,1,35,6.0,2.0,9.0,905.68317
647,14944,18.99,6.0,1,2,2,0,18,0.0,0.0,1.0,50.8164
648,14952,409.12,61.5,10,15,1,0,28,3.0,3.0,4.0,658.75566
649,14961,2055.02,276.66,41,71,3,1,34,19.0,6.0,16.0,3546.91944
650,14970,483.88,146.66,5,113,1,0,46,3.0,0.0,2.0,1437.06496
651,14976,789.91,185.71,16,36,0,1,17,4.0,4.0,8.0,1043.79258
652,14978,3666.78,531.3,74,119,4,1,36,21.0,12.0,41.0,5197.6814
653,14985,3293.41,399.3,50,63,1,0,4,20.0,8.0,22.0,4745.91814
654,14987,28.78,27.5,2,26,2,0,3,0.0,0.0,2.0,378.3612
655,15002,1784.88,448.14,56,157,4,1,41,25.0,8.0,23.0,3618.69652
656,15005,6266.62,1322.6,146,812,1,0,30,54.0,25.0,67.0,12361.57988
657,15012,3289.5,975.4,54,184,2,0,42,14.0,12.0,28.0,6689.22509
658,15018,176.96,32.5,5,26,2,0,22,1.0,1.0,3.0,371.6792
659,15021,1195.61,623.46,57,538,4,0,35,19.0,9.0,29.0,4318.21029
660,15023,4318.84,2432.86,105,338,4,0,40,40.0,20.0,45.0,8885.7342
661,15024,1230.13,481.52,48,656,1,0,9,18.0,9.0,21.0,5002.42196
662,15028,313.59,208.08,14,57,2,0,8,2.0,2.0,10.0,1110.04754
663,15032,919.98,366.66,30,191,2,0,4,15.0,1.0,14.0,2215.66778
664,15033,2007.36,1167.51,64,193,4,1,10,17.0,13.0,34.0,4345.24416
665,15034,3718.4,682.61,82,314,1,1,2,31.0,16.0,35.0,6823.95516
666,15038,2218.81,303.99,35,69,2,0,37,9.0,5.0,21.0,2796.3966800000003
667,15039,13331.97,3836.72,315,1665,4,0,19,104.0,54.0,157.0,31738.3576
668,15044,4919.06,859.21,134,594,2,0,31,41.0,14.0,79.0,9637.85424
669,15046,2582.54,317.21,49,114,0,0,4,12.0,11.0,26.0,4330.6435
670,15048,407.78,892.4,23,65,2,1,17,5.0,5.0,13.0,1754.2012699999998
671,15052,1745.68,181.0,30,67,4,0,33,9.0,5.0,16.0,3480.95382
672,15057,2321.83,159.43,22,67,4,1,12,6.0,7.0,9.0,3155.23036
673,15058,3779.23,400.39,61,96,0,1,8,19.0,11.0,31.0,6439.9702800000005
674,15059,1509.19,186.99,30,44,4,0,20,9.0,5.0,16.0,2619.33134
675,15061,8824.37,2271.98,170,782,2,1,7,53.0,27.0,90.0,18104.00138
676,15062,366.65,93.96,11,11,2,0,22,4.0,0.0,7.0,453.33342
677,15070,1.99,323.47,1,103,3,0,39,1.0,0.0,0.0,541.14814
678,15078,2654.25,1557.33,56,165,1,0,6,21.0,6.0,29.0,6198.51876
679,15079,2922.78,164.0,27,39,2,0,45,16.0,2.0,9.0,4441.73906
680,15081,412.65,52.0,8,10,4,1,24,4.0,0.0,4.0,549.73922
681,15090,2193.09,149.5,23,32,4,0,17,8.0,5.0,10.0,2604.54464
682,15093,2275.39,792.28,39,114,2,1,46,12.0,2.0,25.0,4177.65203
683,15100,433.17,64.38,6,15,2,1,49,2.0,0.0,4.0,967.73992
684,15101,190.57,57.97,5,7,1,0,40,2.0,2.0,1.0,297.44688
685,15107,672.25,493.7,20,80,1,0,20,3.0,7.0,10.0,1814.15506
686,15110,615.5600000000001,75.47,9,719,0,0,8,2.0,2.0,5.0,1990.0646
687,15111,1134.0,299.38,16,777,0,1,9,4.0,3.0,9.0,3076.04088
688,15139,270.31,48.0,8,9,0,1,16,3.0,0.0,5.0,313.51152
689,15144,1053.61,1115.0,19,782,4,0,35,7.0,6.0,6.0,4480.91056
690,15157,2597.21,341.4,56,124,0,0,43,13.0,9.0,34.0,3344.43625
691,15159,5366.31,521.96,80,113,4,0,29,23.0,16.0,41.0,8538.83446
692,15160,288.3,24.0,4,5,4,0,30,2.0,0.0,2.0,389.9581500000001
693,15164,359.22,96.0,16,24,1,1,28,7.0,3.0,6.0,509.60985
694,15165,1216.05,207.16,27,74,0,0,36,11.0,3.0,13.0,2500.9433000000004
695,15167,2023.13,246.0,41,51,2,1,2,16.0,9.0,16.0,2902.09912
696,15171,90.54,42.0,7,9,0,0,48,2.0,1.0,4.0,155.8228
697,15174,63.91,66.0,11,154,4,1,34,3.0,1.0,7.0,596.70368
698,15179,2557.16,329.2,45,104,4,0,19,16.0,7.0,22.0,4192.90004
699,15180,534.1800000000001,73.97,6,6,2,0,41,1.0,2.0,3.0,638.5524
700,15181,59.17999999999999,12.0,2,2,0,0,20,0.0,0.0,2.0,81.83239999999999
701,15189,894.56,61.5,10,81,3,0,11,2.0,4.0,4.0,1544.02286
702,15192,470.54,149.42,15,176,4,0,37,4.0,2.0,9.0,1137.02478
703,15194,5309.17,1092.84,114,2020,4,1,33,35.0,22.0,57.0,23676.47922
704,15197,53.77,24.0,4,4,4,0,45,3.0,0.0,1.0,76.03327999999999
705,15199,141.67000000000002,19.5,3,3,0,0,41,0.0,1.0,2.0,176.9666
706,15203,104.47,125.0,20,39,2,1,19,7.0,2.0,11.0,283.6792
707,15204,279.93,49.5,9,11,0,1,29,2.0,2.0,5.0,408.12028
708,15208,51.650000000000006,38.97,3,3,4,1,16,2.0,0.0,1.0,96.06784
709,15211,565.64,197.37,23,117,2,1,40,9.0,4.0,10.0,1383.45373
710,15213,489.44,177.98,25,28,3,1,41,7.0,4.0,14.0,807.94996
711,15215,124.59,18.99,2,4,2,0,15,1.0,0.0,1.0,291.34392
712,15218,1634.8,198.98,28,253,1,1,11,11.0,2.0,15.0,2896.74026
713,15221,304.49,71.5,11,11,2,0,7,3.0,1.0,7.0,411.9949
714,15222,695.0,36.99,5,7,2,0,26,2.0,3.0,0.0,1011.87
715,15224,274.38,102.99,16,29,4,0,28,8.0,3.0,5.0,395.8823
716,15226,566.9,51.0,8,10,4,0,37,2.0,2.0,4.0,921.94006
717,15227,1066.78,96.0,16,17,3,1,42,4.0,1.0,11.0,1153.9872
718,15235,3627.48,1384.31,88,557,0,0,23,21.0,16.0,51.0,8280.1967
719,15240,1357.85,137.75,17,25,1,1,40,6.0,2.0,9.0,2267.53914
720,15246,178.12,107.43,12,24,2,0,2,5.0,2.0,5.0,319.83496
721,15260,1191.89,136.64,17,22,4,0,45,6.0,0.0,11.0,1885.55566
722,15262,830.18,73.98,10,19,2,0,40,5.0,1.0,4.0,1797.69294
723,15266,522.8,36.0,6,7,4,0,22,2.0,3.0,1.0,725.9428
724,15270,771.12,118.2,18,25,4,0,36,2.0,2.0,14.0,969.87808
725,15271,1655.63,540.4,40,264,4,0,37,13.0,9.0,18.0,4406.05015
726,15279,567.94,231.27,21,74,2,1,10,9.0,3.0,9.0,2011.8717
727,15281,2176.3,540.35,55,248,2,0,36,21.0,7.0,27.0,4122.64584
728,15288,1009.06,332.51,26,122,2,1,50,8.0,1.0,17.0,2799.14576
729,15290,496.74,162.93,19,23,1,0,3,9.0,2.0,8.0,678.335
730,15291,495.42,217.99,35,93,2,1,32,7.0,8.0,20.0,1205.98392
731,15296,2967.58,607.64,61,211,2,1,40,23.0,4.0,34.0,7143.46704
732,15298,737.64,367.18,39,182,4,0,2,12.0,6.0,21.0,2377.1707
733,15299,102.15,19.5,3,56,4,1,25,2.0,1.0,0.0,394.54629
734,15301,1362.77,1038.84,34,187,0,0,19,10.0,4.0,20.0,4037.11134
735,15304,251.97,32.5,5,5,2,1,12,1.0,0.0,4.0,307.20374000000004
736,15311,29633.75,4837.96,587,4211,4,0,40,189.0,83.0,315.0,86911.74344
737,15312,413.06,175.46,17,27,4,0,47,6.0,2.0,9.0,762.52687
738,15316,44.0,6.0,1,1,2,0,28,0.0,0.0,1.0,57.92
739,15326,1347.77,176.5,29,40,4,1,45,11.0,4.0,14.0,1915.46744
740,15329,8.77,37.44,3,22,2,0,48,2.0,0.0,1.0,108.68271
741,15332,1698.77,294.71,35,231,2,0,30,14.0,7.0,14.0,2917.62244
742,15339,4243.06,330.8,41,70,4,0,47,24.0,3.0,14.0,5654.69112
743,15346,288.09,102.5,17,29,2,0,15,7.0,3.0,7.0,775.16628
744,15347,71.59,32.5,5,5,2,1,48,0.0,1.0,4.0,116.9762
745,15350,562.03,32.5,5,5,2,1,48,1.0,0.0,4.0,637.9539
746,15351,2639.55,558.37,53,2160,3,0,29,14.0,9.0,30.0,23632.80632
747,15353,593.52,78.0,12,20,2,0,46,2.0,1.0,9.0,1157.97742
748,15356,5650.5,1210.67,115,701,2,0,32,39.0,21.0,55.0,10745.28654
749,15358,7073.96,936.45,122,283,0,0,35,42.0,16.0,64.0,12086.50664
750,15361,465.16,55.98,7,7,1,1,2,3.0,2.0,2.0,530.59032
751,15363,756.88,104.0,16,25,1,1,32,7.0,4.0,5.0,1267.17082
752,15365,1573.17,74.0,12,16,4,1,30,5.0,2.0,5.0,2155.9706
753,15366,495.35,82.89,8,45,2,1,37,3.0,0.0,5.0,1380.59544
754,15370,67.15,48.0,8,8,1,0,38,3.0,1.0,4.0,120.62236
755,15373,1409.82,178.02,24,229,3,1,24,6.0,9.0,9.0,2723.8591
756,15379,6142.72,1790.22,138,477,2,0,10,44.0,21.0,73.0,12145.29962
757,15380,44.79,16.47,1,7,2,1,9,0.0,0.0,1.0,386.4354
758,15384,1148.55,174.94,22,167,2,1,30,9.0,2.0,11.0,1792.54376
759,15392,968.58,114.0,20,35,2,1,50,7.0,5.0,8.0,1675.30088
760,15394,1570.84,159.76,24,48,0,0,38,7.0,5.0,12.0,2870.6273800000004
761,15395,580.48,42.5,7,11,4,1,4,5.0,1.0,1.0,928.0786
762,15415,5727.68,357.5,48,61,4,1,27,17.0,10.0,21.0,7676.142400000001
763,15421,509.45,96.0,16,38,2,0,49,5.0,2.0,9.0,717.35426
764,15422,344.48,36.0,6,6,2,1,6,3.0,0.0,3.0,357.34074
765,15426,3413.29,1114.12,87,440,4,0,17,39.0,13.0,35.0,7687.82896
766,15443,2376.7,347.94,51,68,4,1,27,19.0,5.0,27.0,3685.6779
767,15447,272.02,48.0,9,44,2,0,34,2.0,1.0,6.0,732.40466
768,15448,3666.78,181.0,28,54,1,1,24,15.0,2.0,11.0,5133.415800000001
769,15454,852.89,215.58,25,113,4,1,39,5.0,6.0,14.0,1978.52704
770,15456,1096.95,165.69,26,30,2,1,28,8.0,4.0,14.0,1542.48096
771,15460,3307.73,548.85,58,274,1,0,4,20.0,4.0,34.0,7168.85531
772,15464,6809.85,1342.96,157,839,4,0,40,48.0,25.0,84.0,15079.52722
773,15465,605.47,252.45,21,88,4,0,14,9.0,3.0,9.0,1773.12312
774,15468,2.99,6.0,1,1,4,0,23,1.0,0.0,0.0,8.6312
775,15482,73.76,155.78,8,63,1,0,18,1.0,2.0,5.0,387.4761
776,15485,1220.88,269.5,43,330,1,1,25,16.0,4.0,23.0,2822.13131
777,15497,1352.77,88.18,11,14,0,0,2,1.0,3.0,7.0,1852.86458
778,15498,8226.91,1480.61,163,511,1,0,14,67.0,25.0,71.0,12721.71534
779,15502,1735.11,785.17,40,395,1,0,27,16.0,5.0,19.0,5004.07775
780,15503,2675.87,476.92,70,397,1,0,45,19.0,12.0,39.0,4221.639520000001
781,15510,19.19,16.47,1,1,0,0,15,0.0,0.0,1.0,39.1142
782,15512,102.34,51.48,6,12,2,0,42,2.0,0.0,4.0,199.13412
783,15513,1949.61,741.41,46,386,4,0,21,14.0,8.0,24.0,5479.777120000001
784,15514,3648.16,1012.23,113,526,4,1,22,37.0,19.0,57.0,7892.29683
785,15518,2585.75,744.04,67,152,0,0,7,19.0,16.0,32.0,4833.57692
786,15525,4448.01,437.34,57,417,1,1,48,15.0,9.0,33.0,8896.26625
787,15527,1621.2,176.0,27,41,1,0,21,12.0,5.0,10.0,3214.4615000000003
788,15529,4292.84,787.35,76,330,2,1,16,30.0,10.0,36.0,8881.35057
789,15532,3653.54,470.15,50,92,2,0,23,17.0,8.0,25.0,6597.80592
790,15535,2974.64,281.46,41,63,4,0,24,13.0,4.0,24.0,3886.6966
791,15544,1580.37,169.0,26,35,4,1,22,12.0,1.0,13.0,2324.23582
792,15545,2043.43,382.78,31,92,2,0,39,4.0,7.0,20.0,4079.29608
793,15547,6319.2300000000005,853.59,90,357,1,1,40,38.0,10.0,42.0,8654.0263
794,15549,5738.18,529.46,62,260,4,0,5,26.0,9.0,27.0,9549.55332
795,15555,3841.88,996.95,96,240,4,0,34,39.0,10.0,47.0,6949.0383
796,15562,79.0,6.0,1,1,1,0,26,0.0,0.0,1.0,92.9
797,15563,1171.25,145.98,22,26,4,0,41,9.0,6.0,7.0,1553.35284
798,15569,37.99,90.93,7,50,2,1,32,3.0,2.0,2.0,305.1236
799,15570,6752.11,988.94,144,835,0,0,34,44.0,31.0,69.0,19107.83382
800,15574,6012.9,3473.26,159,491,1,0,5,57.0,19.0,83.0,14190.35294
801,15579,2761.76,180.09,26,35,2,0,21,6.0,1.0,19.0,4080.55736
802,15581,1639.47,516.2,49,139,2,0,18,18.0,2.0,29.0,3375.73604
803,15587,134.6,52.35,3,35,4,1,6,1.0,0.0,2.0,702.5220000000002
804,15589,846.77,90.32,12,57,2,0,11,5.0,1.0,6.0,1421.83407
805,15596,1612.67,443.18,43,242,2,0,39,17.0,11.0,15.0,3780.31556
806,15601,8826.53,2201.47,157,1653,4,0,46,59.0,27.0,71.0,19846.85572
807,15602,1119.41,219.68,17,20,0,0,10,7.0,0.0,10.0,1651.5590000000002
808,15605,1431.92,78.0,12,21,2,0,21,5.0,0.0,7.0,2473.6922000000004
809,15606,473.85,73.98,10,14,3,0,15,8.0,1.0,1.0,475.08393
810,15607,596.63,78.0,13,17,4,0,40,3.0,0.0,10.0,947.2718
811,15611,95.99,18.0,3,3,1,0,4,0.0,1.0,2.0,131.26819999999998
812,15615,929.82,520.87,50,403,3,1,19,18.0,5.0,27.0,4462.07684
813,15620,849.76,283.68,31,53,4,1,48,16.0,6.0,9.0,1450.79854
814,15626,754.59,120.0,20,30,0,0,8,7.0,2.0,11.0,1069.7236
815,15628,1668.52,125.7,19,23,2,0,4,4.0,5.0,10.0,2341.14994
816,15640,3981.18,1297.0,115,754,2,0,30,40.0,22.0,53.0,11557.43743
817,15641,499.31,161.46,20,38,4,0,6,6.0,6.0,8.0,1437.17198
818,15646,1493.73,116.76,17,37,2,1,10,9.0,1.0,7.0,1945.2404400000005
819,15649,82.35,13.0,2,2,2,1,22,0.0,1.0,1.0,103.585
820,15658,2300.44,1582.61,28,160,4,1,24,12.0,6.0,10.0,6291.18882
821,15660,490.13,70.98,10,15,0,1,13,3.0,3.0,4.0,692.6814800000001
822,15661,1015.0,30.0,5,8,2,0,24,2.0,0.0,3.0,1378.65
823,15664,4.98,25.98,2,150,1,1,10,1.0,0.0,1.0,366.764
824,15673,1267.36,437.36,53,182,1,1,24,18.0,6.0,29.0,2507.84762
825,15680,1097.47,283.9,30,75,2,1,32,12.0,5.0,13.0,2678.1587900000004
826,15687,3354.2,333.95,45,430,1,1,20,12.0,5.0,28.0,5964.92584
827,15689,279.16,210.48,6,182,2,1,16,2.0,2.0,2.0,1203.54536
828,15694,1561.3,231.03,24,85,1,0,41,10.0,1.0,13.0,2731.43892
829,15696,3008.47,308.99,48,59,4,1,12,15.0,5.0,28.0,3834.83111
830,15708,3436.41,1395.35,96,551,4,0,49,35.0,17.0,44.0,9675.52236
831,15713,620.25,108.5,10,21,2,1,3,3.0,2.0,5.0,1205.89634
832,15716,1789.13,401.43,38,76,4,0,2,13.0,7.0,18.0,2777.3314
833,15719,10006.6,1435.11,175,796,4,0,16,66.0,25.0,84.0,17827.194320000002
834,15723,2640.01,246.0,41,85,3,0,4,15.0,7.0,19.0,4153.33237
835,15727,3744.76,817.05,99,750,4,0,40,28.0,24.0,47.0,7763.75246
836,15732,322.86,32.5,5,5,4,0,21,2.0,1.0,2.0,371.0583
837,15738,1201.99,493.01,37,88,0,1,16,14.0,6.0,17.0,2609.5548
838,15749,396.5,30.0,5,8,4,0,44,1.0,4.0,0.0,694.9100000000001
839,15750,1225.07,180.72,21,41,2,0,7,9.0,3.0,9.0,2151.9822400000003
840,15752,886.8100000000001,91.0,14,92,1,0,27,5.0,2.0,7.0,1862.45099
841,15759,54.6,79.96,4,4,3,1,26,2.0,1.0,1.0,135.81411999999997
842,15769,530.5699999999999,209.93,12,36,4,0,25,3.0,0.0,9.0,1049.50896
843,15777,317.79,48.0,8,11,4,0,24,3.0,2.0,3.0,664.7322800000001
844,15780,1232.98,113.95,12,19,2,1,19,4.0,2.0,6.0,1930.08524
845,15781,332.69,32.5,5,10,0,1,19,2.0,0.0,3.0,835.90202
846,15789,1454.97,248.22,25,45,4,0,28,8.0,6.0,11.0,2440.46716
847,15797,199.0,6.0,1,1,2,0,27,1.0,0.0,0.0,194.055
848,15799,784.77,132.0,22,32,0,1,31,9.0,4.0,9.0,1173.40756
849,15805,610.09,113.68,11,250,4,1,33,6.0,2.0,3.0,1877.3542
850,15808,12138.83,6912.969999999999,210,889,2,0,6,58.0,30.0,122.0,27637.49433
851,15811,912.05,200.53,23,33,4,0,27,7.0,1.0,15.0,1402.06472
852,15812,348.0,12.0,2,2,4,0,32,0.0,0.0,2.0,384.85
853,15820,1097.54,108.99,17,137,0,0,8,10.0,3.0,4.0,1960.41566
854,15822,366.85,134.88,16,86,4,0,4,4.0,1.0,11.0,1107.20914
855,15823,510.66,114.47,17,20,1,1,27,6.0,1.0,10.0,819.12275
856,15827,2178.82,212.5,29,38,4,0,3,8.0,5.0,16.0,3486.2181
857,15831,535.74,108.0,18,54,2,0,39,5.0,2.0,11.0,1138.96968
858,15834,9.26,100.0,2,6,4,1,12,0.0,0.0,2.0,127.148
859,15835,600.04,90.0,15,26,1,0,46,7.0,2.0,6.0,743.62796
860,15838,403.34,71.77000000000001,6,19,4,0,9,1.0,1.0,4.0,595.0459000000001
861,15841,134.08,42.5,7,9,1,1,6,1.0,2.0,4.0,195.32208
862,15845,448.81,1789.7399999999998,13,373,4,1,22,2.0,1.0,10.0,5745.5234
863,15854,1817.82,203.63,25,38,1,1,44,10.0,3.0,12.0,2787.0441800000003
864,15856,3031.78,353.46,54,96,4,1,4,12.0,13.0,29.0,4923.249510000001
865,15858,1874.29,313.69,44,107,2,0,18,12.0,9.0,23.0,3697.88878
866,15860,1246.62,405.28,15,179,1,0,46,6.0,3.0,6.0,2318.74896
867,15862,5347.78,1593.22,64,332,2,0,24,22.0,7.0,35.0,10300.37106
868,15864,1017.63,55.5,9,11,2,0,17,1.0,2.0,6.0,1406.4966000000002
869,15867,7887.98,874.8,138,307,1,1,11,48.0,21.0,69.0,13406.665980000002
870,15880,5882.23,2613.1800000000003,106,1060,1,0,33,35.0,17.0,54.0,15666.15252
871,15881,2877.62,201.5,32,87,1,1,34,11.0,5.0,16.0,4254.39719
872,15882,1174.7,973.0,17,109,1,0,45,7.0,3.0,7.0,2545.93542
873,15885,22.41,6.0,1,1,2,0,39,0.0,0.0,1.0,32.4438
874,15889,5082.59,505.12,66,583,2,0,21,21.0,12.0,33.0,10270.80148
875,15894,2731.64,276.72,38,119,4,1,44,11.0,4.0,23.0,3803.39278
876,15898,3650.77,475.52,64,73,4,1,27,19.0,12.0,33.0,5021.92575
877,15899,315.49,26.0,4,9,3,0,24,1.0,1.0,2.0,407.9992
878,15910,3599.41,380.23,42,302,2,0,8,16.0,6.0,20.0,6144.7249
879,15916,2352.31,617.3,48,76,4,0,37,11.0,10.0,27.0,4450.0618
880,15919,2996.4,763.02,49,401,3,0,24,14.0,11.0,24.0,5147.74256
881,15922,514.98,78.0,12,17,4,1,29,1.0,5.0,6.0,797.69736
882,15923,1587.82,158.78,21,26,4,0,34,4.0,4.0,13.0,2440.32832
883,15938,945.0,57.98,5,8,4,0,34,1.0,3.0,1.0,1434.5100000000002
884,15939,724.13,108.5,18,58,2,0,11,5.0,4.0,9.0,1255.16868
885,15940,7.34,13.0,2,2,2,0,32,1.0,0.0,1.0,20.43282
886,15945,23.46,30.92,2,111,1,0,13,0.0,1.0,1.0,594.1981999999999
887,15950,1000.01,293.31,29,210,4,1,44,10.0,3.0,16.0,2346.7139
888,15953,1312.22,217.88,27,45,0,1,23,8.0,4.0,15.0,2620.30964
889,15955,1070.42,1069.5100000000002,20,169,2,0,49,5.0,2.0,13.0,3722.49722
890,15965,1021.7,118.35,16,191,4,0,26,8.0,1.0,7.0,2216.70968
891,15967,2073.53,230.97,35,80,1,0,12,9.0,7.0,19.0,3171.72632
892,15971,397.95,26.0,4,4,4,0,39,3.0,1.0,0.0,372.64482
893,15973,171.36,81.72999999999999,5,29,4,1,9,2.0,0.0,3.0,397.08189
894,15981,115.18,24.5,4,5,2,0,13,2.0,0.0,2.0,146.22562
895,15983,3368.25,730.95,81,447,1,1,25,24.0,11.0,46.0,6954.04432
896,15984,549.17,104.5,17,18,2,0,25,7.0,2.0,8.0,720.98531
897,15987,194.91,58.5,9,14,2,0,32,5.0,0.0,4.0,278.59998
898,15996,795.25,208.0,32,44,4,0,26,13.0,4.0,15.0,1108.32346
899,15998,3671.52,1049.42,118,516,1,0,16,32.0,24.0,62.0,9931.32322
900,16003,764.9300000000001,264.78000000000003,20,120,2,0,10,5.0,2.0,13.0,1938.6186
901,16010,1477.63,314.81,24,331,2,1,5,11.0,4.0,9.0,3880.54512
902,16011,3225.39,345.47,50,79,0,1,10,15.0,8.0,27.0,6666.07894
903,16013,443.22,73.5,12,15,1,1,31,0.0,3.0,9.0,578.965
904,16016,3617.45,455.0,70,482,2,1,19,25.0,12.0,33.0,7022.45684
905,16019,874.8,162.0,27,37,2,0,34,8.0,6.0,13.0,1164.81968
906,16029,3444.73,676.62,52,142,3,0,40,15.0,8.0,29.0,5832.5509
907,16030,2358.57,219.79,29,45,1,0,50,6.0,3.0,20.0,3987.6556
908,16033,5137.97,1939.97,141,493,4,0,48,49.0,28.0,64.0,9926.08878
909,16034,38.52,109.28,9,82,1,0,26,3.0,0.0,6.0,338.358
910,16037,326.55,150.36,15,109,2,0,15,6.0,3.0,6.0,1008.90685
911,16042,485.88,50.98,6,14,4,0,16,2.0,1.0,3.0,618.388
912,16043,849.96,104.0,17,24,2,0,19,9.0,3.0,5.0,1132.7552
913,16048,668.06,52.0,8,13,0,1,12,2.0,3.0,3.0,1602.92332
914,16059,1532.26,477.42,49,181,4,1,44,19.0,10.0,20.0,3041.30034
915,16062,607.27,42.0,7,7,1,0,20,0.0,1.0,6.0,713.2986000000001
916,16065,5045.48,480.47,74,110,1,0,41,23.0,12.0,39.0,8377.79271
917,16081,986.36,143.0,22,216,1,1,14,10.0,1.0,11.0,3090.31975
918,16083,435.78,102.0,17,64,2,1,21,7.0,2.0,8.0,596.4856
919,16085,1499.48,296.13,28,140,2,1,15,13.0,4.0,11.0,2440.62594
920,16086,801.18,52.0,8,8,1,0,47,3.0,4.0,1.0,822.4624
921,16094,19.69,12.0,2,2,4,0,16,0.0,1.0,1.0,35.2342
922,16098,760.89,78.0,12,13,4,1,49,2.0,6.0,4.0,988.1271
923,16109,404.67,38.97,3,5,1,0,50,0.0,1.0,2.0,851.5175
924,16110,10286.78,817.16,115,252,4,1,29,41.0,14.0,60.0,13010.70403
925,16112,488.75,73.47,10,15,4,0,16,4.0,1.0,5.0,1031.2314
926,16122,562.37,381.38,19,24,2,1,43,9.0,1.0,9.0,1010.83707
927,16124,668.96,96.0,16,23,1,0,34,3.0,3.0,10.0,1043.24256
928,16125,1259.55,98.85,13,21,2,1,22,5.0,1.0,7.0,1720.1115
929,16133,530.17,79.0,13,20,0,0,22,5.0,2.0,6.0,1332.0029000000002
930,16134,1318.77,129.84,19,76,1,0,5,7.0,5.0,7.0,2652.5454200000004
931,16138,2.8,12.48,1,1,2,0,20,0.0,0.0,1.0,15.784
932,16140,814.97,96.74,7,28,2,0,34,2.0,2.0,3.0,1190.8527600000002
933,16143,1364.85,221.32,28,71,2,0,9,9.0,4.0,15.0,3313.5118300000004
934,16145,1465.82,248.46,38,63,2,0,9,15.0,3.0,20.0,2658.31917
935,16150,1268.98,452.76,26,98,3,0,34,9.0,7.0,10.0,2590.7581600000003
936,16153,979.98,60.5,10,11,4,1,29,2.0,2.0,6.0,1275.1364
937,16156,1551.54,128.99,18,20,1,0,24,4.0,7.0,7.0,2107.5286800000003
938,16161,7394.91,1016.3,124,341,1,1,10,43.0,18.0,63.0,11846.32363
939,16163,105.15,44.49,5,5,4,0,22,1.0,1.0,3.0,166.32618
940,16168,172.93,49.5,8,70,3,1,24,1.0,0.0,7.0,578.2384
941,16186,561.68,130.0,20,50,1,0,18,9.0,1.0,10.0,925.83961
942,16191,884.3100000000001,288.95,36,53,4,1,19,11.0,5.0,20.0,1705.43272
943,16202,774.4300000000001,108.0,18,27,1,0,44,8.0,3.0,7.0,934.17744
944,16203,1204.64,83.98,12,22,2,1,9,2.0,4.0,6.0,1804.92
945,16206,812.17,381.64,25,117,2,0,28,6.0,6.0,13.0,1869.26488
946,16210,2577.2,307.47,42,65,1,1,49,11.0,10.0,21.0,4382.333320000001
947,16218,2744.75,175.5,28,40,4,1,40,12.0,3.0,13.0,4166.47286
948,16221,357.17,94.67,12,199,2,0,9,5.0,4.0,3.0,1256.91446
949,16222,8603.14,1073.33,137,336,1,0,45,47.0,24.0,66.0,12996.7011
950,16233,345.45000000000005,75.7,12,24,1,0,23,2.0,2.0,8.0,764.4938
951,16235,719.47,81.97999999999999,9,10,2,1,34,3.0,2.0,4.0,970.9305
952,16241,3076.88,663.43,71,324,1,1,34,18.0,9.0,44.0,7105.03085
953,16244,3748.76,543.1800000000001,63,90,1,0,36,25.0,11.0,27.0,6221.29763
954,16250,1146.32,148.3,14,20,2,0,30,4.0,2.0,8.0,2281.19164
955,16252,1039.27,138.7,21,29,4,0,37,6.0,1.0,14.0,1884.83954
956,16255,2852.3,418.33,60,104,4,1,7,17.0,13.0,30.0,5085.824500000001
957,16262,347.0,18.0,3,7,2,1,11,0.0,2.0,1.0,747.3000000000001
958,16265,1064.71,550.69,38,143,2,1,38,13.0,6.0,19.0,3269.96352
959,16270,2548.98,457.45,54,303,4,0,37,18.0,10.0,26.0,4975.67306
960,16271,478.79,175.89,16,21,1,1,24,5.0,3.0,8.0,786.6314199999999
961,16274,3460.99,1063.03,67,469,2,0,43,30.0,8.0,29.0,7653.70347
962,16279,92.59,12.0,2,3,4,0,40,0.0,0.0,2.0,201.8362
963,16282,595.94,73.38,11,17,2,0,20,4.0,1.0,6.0,904.1778
964,16293,664.4599999999999,104.0,16,16,4,1,13,6.0,2.0,8.0,741.9092999999999
965,16303,1178.43,227.09,35,114,4,0,12,7.0,8.0,20.0,2679.1498
966,16306,364.3,129.88,15,19,1,1,13,8.0,1.0,6.0,558.14978
967,16315,187.77,84.0,14,16,2,1,35,9.0,1.0,4.0,316.4946
968,16316,1613.31,161.96,21,27,4,0,44,9.0,3.0,9.0,2496.75076
969,16321,14.88,105.12,4,58,1,1,18,2.0,0.0,2.0,290.3681
970,16326,1530.48,282.89,43,70,3,1,6,16.0,6.0,21.0,2239.39464
971,16327,6936.31,811.32,101,195,2,1,44,34.0,12.0,55.0,10292.5399
972,16333,405.69,13.0,2,6,1,0,41,0.0,1.0,1.0,648.7645
973,16350,925.32,206.42,25,29,4,0,31,10.0,0.0,15.0,1154.90574
974,16351,249.31,100.08,8,10,1,0,20,2.0,2.0,4.0,388.71856
975,16353,821.4,119.49,13,21,3,1,6,4.0,2.0,7.0,1005.82996
976,16359,62.06999999999999,31.0,5,5,1,0,49,1.0,1.0,3.0,99.30766
977,16365,456.16,68.5,7,14,2,0,49,5.0,0.0,2.0,458.46614
978,16367,1133.03,284.91,37,40,2,1,20,9.0,7.0,21.0,1655.68488
979,16378,1009.94,71.49,10,18,4,0,4,4.0,0.0,6.0,1784.4587
980,16385,430.55,181.14,21,42,2,1,19,6.0,3.0,12.0,1047.90696
981,16387,27.97,24.0,4,4,2,0,20,2.0,0.0,2.0,54.64578
982,16393,754.3000000000001,205.94,22,202,4,0,20,8.0,3.0,11.0,1562.40404
983,16395,5068.34,400.01,60,215,3,1,18,21.0,9.0,30.0,6836.6705600000005
984,16401,716.21,84.0,14,23,4,1,40,1.0,1.0,12.0,896.5165800000001
985,16402,2497.02,1880.89,57,163,4,1,31,16.0,9.0,32.0,7317.12618
986,16403,237.12,97.1,10,36,2,0,26,2.0,0.0,8.0,923.75348
987,16405,33.89,18.0,3,4,2,0,20,1.0,0.0,2.0,57.86747999999999
988,16407,964.17,139.98,20,23,2,1,48,4.0,3.0,13.0,1463.51648
989,16409,4643.38,294.4,48,118,4,0,45,16.0,5.0,27.0,5260.882680000001
990,16411,632.22,144.71,21,77,4,0,40,6.0,2.0,13.0,1046.95512
991,16419,912.97,106.0,17,28,2,0,50,5.0,5.0,7.0,1045.72059
992,16422,2517.44,488.93,54,503,2,0,35,13.0,7.0,34.0,5291.52688
993,16424,10.63,6.0,1,1,0,1,29,0.0,1.0,0.0,18.5434
994,16442,3358.63,571.57,46,58,1,0,46,16.0,9.0,21.0,5656.04618
995,16455,1172.49,234.86,30,138,4,0,23,11.0,3.0,16.0,1937.979
996,16456,6123.78,593.95,62,264,2,1,47,24.0,9.0,29.0,8745.72765
997,16458,315.74,143.94,10,72,4,1,12,6.0,2.0,2.0,567.98764
998,16470,1639.38,333.8,40,130,1,0,13,12.0,7.0,21.0,2785.26734
999,16473,187.32,75.72,8,57,4,0,36,4.0,1.0,3.0,435.33968
1000,16477,3369.05,393.68,59,129,3,0,50,20.0,8.0,31.0,5192.57824
1001,16493,27.49,119.94,6,7,2,0,37,3.0,1.0,2.0,150.04199999999997
1002,16496,4089.16,273.99,41,74,2,1,16,9.0,8.0,24.0,6415.2972
1003,16497,707.48,213.77,27,332,2,0,16,5.0,7.0,15.0,3392.8772
1004,16499,1207.22,251.12,22,43,4,0,31,3.0,2.0,17.0,2265.13988
1005,16500,9.6,6.0,1,1,0,1,6,1.0,0.0,0.0,15.062399999999998
1006,16503,2088.68,588.73,53,322,4,0,29,17.0,7.0,29.0,5090.2852
1007,16510,1240.64,84.5,13,22,2,0,39,7.0,1.0,5.0,2222.35696
1008,16515,1696.26,253.82,31,139,0,0,19,15.0,2.0,14.0,2716.5110400000003
1009,16519,69.94999999999999,30.0,5,6,4,0,45,2.0,1.0,2.0,109.69956
1010,16520,3883.51,737.8,60,184,3,0,37,24.0,12.0,24.0,8346.75049
1011,16523,1790.07,165.69,26,47,1,1,6,13.0,4.0,9.0,2011.37352
1012,16525,3302.14,250.9,39,43,2,0,47,17.0,3.0,19.0,3717.53107
1013,16531,658.04,169.53,14,83,0,1,28,5.0,2.0,7.0,1505.46466
1014,16532,10.5,6.0,1,1,1,0,7,1.0,0.0,0.0,17.151
1015,16539,1722.77,225.45,30,123,2,1,2,8.0,2.0,20.0,3927.39198
1016,16546,987.53,78.0,12,18,2,0,42,3.0,5.0,4.0,1820.40568
1017,16549,836.97,218.97,33,68,0,0,17,9.0,8.0,16.0,1812.76728
1018,16550,1967.89,448.35,51,155,1,0,34,12.0,9.0,30.0,3877.53189
1019,16551,556.84,80.49,11,20,2,0,10,3.0,3.0,5.0,733.0154799999999
1020,16552,321.63,32.5,5,7,2,0,27,3.0,0.0,2.0,524.15922
1021,16553,641.56,819.21,18,265,4,1,39,5.0,4.0,9.0,7489.208279999999
1022,16554,110.98,12.0,2,29,4,0,4,0.0,0.0,2.0,598.1178
1023,16556,796.8199999999999,109.98,16,25,1,0,19,6.0,4.0,6.0,1557.6194
1024,16558,2851.37,477.72,64,108,2,1,35,21.0,7.0,36.0,4139.42116
1025,16560,1408.34,167.34,21,158,2,1,49,10.0,2.0,9.0,2358.39
1026,16565,19.28,38.81,3,11,4,0,2,1.0,0.0,2.0,105.5484
1027,16567,1686.96,206.43,26,36,2,0,20,9.0,6.0,11.0,2393.5398800000003
1028,16570,1398.44,116.0,18,30,1,1,15,6.0,3.0,9.0,2046.01446
1029,16579,44.79,16.47,1,5,2,1,50,0.0,1.0,0.0,280.731
1030,16583,417.43,91.0,14,708,2,0,27,3.0,4.0,7.0,2188.89964
1031,16593,1.59,6.5,1,1,4,0,4,0.0,0.0,1.0,8.249
1032,16596,31.94,39.0,6,16,1,0,18,1.0,1.0,4.0,101.0341
1033,16600,113.43,54.0,9,289,4,1,32,4.0,0.0,5.0,1077.75928
1034,16607,449.74,62.42,9,37,2,0,31,5.0,0.0,4.0,837.57506
1035,16612,2556.82,163.29,18,88,2,0,17,8.0,4.0,6.0,2956.89185
1036,16618,3149.95,291.6,35,59,1,0,11,14.0,3.0,18.0,5535.12488
1037,16634,823.21,52.0,8,10,1,0,33,1.0,3.0,4.0,1199.6819
1038,16638,178.35,73.0,12,50,1,0,34,7.0,1.0,4.0,323.47698
1039,16654,371.74,82.42,9,27,2,0,15,0.0,3.0,6.0,813.4316
1040,16655,1055.47,310.84,39,419,4,1,40,10.0,7.0,22.0,2551.3472
1041,16656,96.6,66.0,11,19,4,0,46,2.0,1.0,8.0,193.6237
1042,16658,693.97,52.0,8,11,4,0,40,2.0,2.0,4.0,1044.59814
1043,16660,15.59,24.0,4,6,0,0,3,2.0,0.0,2.0,43.57258
1044,16665,603.94,102.7,9,69,4,0,31,5.0,3.0,1.0,1113.13624
1045,16670,2206.09,410.4,52,277,4,0,48,13.0,6.0,33.0,4086.58308
1046,16676,564.09,232.8,29,50,1,0,4,7.0,4.0,18.0,1022.98482
1047,16679,47.17,19.5,3,5,1,1,28,1.0,1.0,1.0,105.63174
1048,16684,3846.68,510.09,57,134,2,1,43,20.0,7.0,30.0,6195.41954
1049,16686,5647.28,661.38,87,123,1,1,31,25.0,14.0,48.0,9219.74412
1050,16700,3082.38,361.44,52,83,1,1,7,10.0,8.0,34.0,4697.4698
1051,16701,860.37,120.0,20,28,3,0,14,11.0,1.0,8.0,1538.06868
1052,16705,2129.45,399.62,60,313,2,0,18,21.0,13.0,26.0,3600.4307200000003
1053,16710,2639.53,814.24,75,330,1,0,30,32.0,14.0,29.0,5043.11735
1054,16711,12.99,6.0,1,1,4,0,34,0.0,0.0,1.0,21.3282
1055,16713,3973.68,1562.28,106,566,4,1,5,36.0,17.0,53.0,10014.24689
1056,16714,7382.06,767.75,93,233,0,1,38,35.0,11.0,47.0,11607.26236
1057,16716,48.92,6.5,1,1,2,0,44,1.0,0.0,0.0,46.90792
1058,16717,987.92,170.49,18,52,1,0,42,3.0,5.0,10.0,1333.10374
1059,16718,2875.69,323.5,45,68,2,0,39,15.0,5.0,25.0,5039.11786
1060,16719,3266.73,1127.09,60,236,1,0,40,24.0,8.0,28.0,6719.998140000001
1061,16722,1815.2,364.5,42,49,0,0,45,10.0,6.0,26.0,2722.48475
1062,16725,5500.08,1661.6,133,851,4,0,48,44.0,21.0,68.0,12736.88006
1063,16726,261.73,294.4,20,97,2,0,19,8.0,2.0,10.0,882.1792
1064,16727,1621.18,359.89,46,245,2,0,11,14.0,5.0,27.0,4069.15868
1065,16730,1068.65,1362.99,14,23,3,0,9,4.0,1.0,9.0,3388.5763
1066,16735,1960.92,494.94,47,139,0,1,42,13.0,12.0,22.0,3648.76644
1067,16743,655.82,363.4,30,184,2,0,9,6.0,6.0,18.0,2832.99773
1068,16745,3853.11,523.8100000000001,58,90,1,0,29,17.0,11.0,30.0,5991.65896
1069,16746,2148.39,323.12,47,74,1,1,16,15.0,10.0,22.0,3339.3325
1070,16748,614.04,252.72,19,56,4,1,41,4.0,4.0,11.0,2089.71494
1071,16752,571.0,58.5,9,16,1,1,42,7.0,0.0,2.0,1060.77894
1072,16754,136.79,13.0,2,2,0,0,5,0.0,1.0,1.0,164.5906
1073,16755,1086.62,103.49,16,22,2,0,33,5.0,1.0,10.0,1786.3599600000002
1074,16757,573.0799999999999,48.99,7,10,4,0,22,2.0,1.0,4.0,998.75614
1075,16767,3663.69,306.48,50,100,3,1,29,17.0,9.0,24.0,6906.03762
1076,16770,6236.08,1236.42,67,127,4,0,26,24.0,8.0,35.0,9875.85326
1077,16771,6750.3,979.55,105,377,4,1,39,35.0,15.0,55.0,11887.73966
1078,16775,1794.77,204.82,30,42,4,0,19,13.0,3.0,14.0,2992.2850000000003
1079,16779,3332.55,592.4,75,456,3,1,11,20.0,9.0,46.0,6392.67424
1080,16781,1595.03,122.5,19,23,1,0,38,6.0,2.0,11.0,2251.07268
1081,16782,5436.54,1099.13,119,1376,1,0,45,38.0,15.0,66.0,10891.56417
1082,16791,2425.72,318.0,53,78,4,0,7,18.0,8.0,27.0,3675.67666
1083,16795,3066.01,612.23,66,284,2,0,20,29.0,7.0,30.0,5565.20711
1084,16805,2259.68,371.09,55,207,4,0,15,16.0,9.0,30.0,4096.785080000001
1085,16810,31.35,6.0,1,1,1,0,12,1.0,0.0,0.0,35.5944
1086,16812,1209.87,125.18,15,52,1,0,40,4.0,2.0,9.0,2028.59912
1087,16814,4285.37,801.1,92,318,2,1,22,24.0,14.0,54.0,8621.618050000001
1088,16816,2382.18,136.69,20,24,4,0,31,5.0,5.0,10.0,2976.3204
1089,16817,770.06,268.82,19,94,2,1,20,5.0,4.0,10.0,1955.69214
1090,16833,522.41,293.18,18,67,2,0,46,4.0,3.0,11.0,1583.82456
1091,16835,92.8,32.5,5,12,4,1,11,2.0,1.0,2.0,285.08372
1092,16839,1149.49,284.91,26,53,1,0,10,12.0,4.0,10.0,1895.17771
1093,16843,789.87,134.99,19,99,1,1,31,7.0,2.0,10.0,1757.3725600000002
1094,16850,981.06,114.0,19,28,2,1,22,6.0,3.0,10.0,1680.59554
1095,16858,433.43,84.5,13,14,4,0,47,4.0,3.0,6.0,691.0129400000001
1096,16861,3.18,24.96,2,10,1,0,41,1.0,0.0,1.0,40.907700000000006
1097,16863,446.23,84.43,10,297,4,0,22,2.0,2.0,6.0,1344.80922
1098,16873,2143.25,490.5,70,200,2,1,6,19.0,9.0,42.0,3704.39258
1099,16875,1510.29,186.92,28,113,2,0,3,11.0,2.0,15.0,3296.93404
1100,16882,119.0,6.0,1,2,4,1,28,0.0,0.0,1.0,267.8
1101,16883,1752.91,117.78,17,22,3,0,37,5.0,4.0,8.0,2568.49308
1102,16885,1903.57,254.56,30,190,1,1,27,13.0,3.0,14.0,3851.29938
1103,16889,1351.05,633.5600000000001,48,979,4,0,23,16.0,12.0,20.0,5321.1003
1104,16891,5003.75,1616.93,69,372,4,1,12,25.0,10.0,34.0,8894.14278
1105,16892,10.39,12.91,1,4,4,1,16,1.0,0.0,0.0,47.23855999999999
1106,16893,2654.06,406.52,45,98,1,0,50,22.0,7.0,16.0,3882.25528
1107,16897,3235.42,200.49,30,34,0,1,49,9.0,3.0,18.0,3981.09232
1108,16898,1549.83,879.3499999999999,33,127,4,1,40,11.0,5.0,17.0,3651.21094
1109,16899,754.7,98.0,16,21,4,0,36,8.0,0.0,8.0,881.27764
1110,16904,4246.9,573.29,76,234,2,0,17,21.0,11.0,44.0,6744.5953
1111,16905,541.94,65.0,10,28,1,0,33,4.0,1.0,5.0,1125.342
1112,16907,1778.72,395.89,34,469,2,0,16,16.0,3.0,15.0,4024.55884
1113,16912,565.5699999999999,98.97,13,30,3,0,16,7.0,2.0,4.0,1033.81324
1114,16916,2288.44,435.32,50,110,1,0,7,16.0,9.0,25.0,3706.49226
1115,16918,1225.87,186.0,31,108,3,1,47,13.0,4.0,14.0,2613.1374
1116,16919,3515.24,1070.19,65,969,1,0,10,23.0,8.0,34.0,8089.2772
1117,16923,6352.79,1465.06,125,1052,1,0,23,41.0,17.0,67.0,16290.33542
1118,16926,342.29,104.5,14,17,2,1,48,5.0,0.0,9.0,640.70312
1119,16927,16.189999999999998,12.0,2,9,4,0,45,1.0,0.0,1.0,39.8942
1120,16928,917.33,186.84,11,94,2,0,19,3.0,0.0,8.0,1703.30472
1121,16931,6339.94,1018.28,129,388,0,0,37,47.0,26.0,56.0,12395.74533
1122,16938,1575.81,142.45,14,21,0,0,7,7.0,1.0,6.0,2168.1843
1123,16943,896.52,155.25,21,25,3,1,34,5.0,2.0,14.0,1629.4584000000002
1124,16945,676.93,449.42,19,32,4,0,9,5.0,1.0,13.0,1506.9146
1125,16948,249.89,63.59,5,57,4,0,2,2.0,2.0,1.0,628.5715
1126,16949,465.99,30.0,5,8,1,1,44,0.0,1.0,4.0,931.9382
1127,16950,151.75,19.5,3,4,4,0,26,1.0,0.0,2.0,187.305
1128,16954,197.53,72.0,12,42,2,0,6,4.0,1.0,7.0,418.1947
1129,16955,926.55,99.5,16,20,1,0,15,3.0,4.0,9.0,1456.83886
1130,16983,970.62,145.2,23,42,1,0,21,6.0,2.0,15.0,1329.60274
1131,16985,2025.84,302.93,33,543,4,0,5,14.0,4.0,15.0,4152.16436
1132,16992,42.8,13.0,2,4,2,0,7,1.0,0.0,1.0,49.36714
1133,16995,17.53,6.5,1,1,2,0,50,0.0,0.0,1.0,27.1854
1134,16996,219.02,48.42,6,35,1,0,13,2.0,1.0,3.0,394.86234
1135,16997,325.64,97.45,8,22,0,0,35,2.0,0.0,6.0,706.6298800000001
1136,17001,967.15,250.43,32,153,2,0,18,13.0,2.0,17.0,1898.26646
1137,17007,749.43,135.32,13,185,4,0,3,3.0,1.0,9.0,1356.3892
1138,17017,5008.41,892.01,75,253,2,1,40,28.0,6.0,41.0,7774.88281
1139,17018,499.77,36.0,6,7,4,1,26,2.0,1.0,3.0,697.6221400000001
1140,17019,4839.89,698.81,90,170,1,1,25,27.0,14.0,49.0,8839.12125
1141,17025,634.46,34.7,5,10,4,0,45,1.0,1.0,3.0,1243.3789000000002
1142,17026,138.78,19.5,3,3,2,1,23,0.0,0.0,3.0,173.74040000000002
1143,17027,2871.1,280.84000000000003,43,55,2,0,32,13.0,4.0,26.0,3886.53988
1144,17033,400.13,48.0,8,8,2,1,47,4.0,0.0,4.0,406.81882
1145,17035,1201.61,174.44,18,27,1,0,10,9.0,5.0,4.0,1767.5068
1146,17041,605.97,108.0,18,22,1,0,15,4.0,4.0,10.0,757.0038
1147,17044,46.97,18.0,3,3,3,0,29,1.0,1.0,1.0,69.53414
1148,17048,927.42,96.0,16,23,4,0,39,5.0,4.0,7.0,1337.8921
1149,17059,5844.07,811.46,117,153,2,1,24,39.0,18.0,60.0,9708.23974
1150,17062,3828.3,1035.31,71,266,4,1,44,25.0,13.0,33.0,6990.63208
1151,17064,1003.03,544.03,23,349,4,1,7,10.0,2.0,11.0,3788.13398
1152,17068,4264.91,487.85,69,104,3,0,31,21.0,7.0,41.0,7122.74982
1153,17069,1568.43,233.5,30,51,2,0,10,10.0,5.0,15.0,2676.46576
1154,17071,1091.82,127.47,17,19,4,0,15,5.0,4.0,8.0,1412.02294
1155,17075,297.28000000000003,108.0,18,22,2,0,24,6.0,2.0,10.0,456.1498
1156,17076,558.77,48.99,7,11,1,1,46,3.0,1.0,3.0,1170.30618
1157,17082,321.41,144.0,24,58,2,0,30,7.0,3.0,14.0,562.9120800000001
1158,17085,2861.75,1085.65,86,552,2,0,19,25.0,12.0,49.0,6694.488740000001
1159,17090,92.59,12.0,2,2,0,0,23,1.0,1.0,0.0,106.24620000000002
1160,17091,1481.99,1319.13,53,111,2,0,37,15.0,10.0,28.0,4163.96868
1161,17094,582.92,140.74,15,97,4,1,35,5.0,2.0,8.0,1990.74816
1162,17095,568.1,108.99,17,18,2,1,35,8.0,3.0,6.0,829.31008
1163,17097,3926.3,604.8,63,158,2,1,33,21.0,12.0,30.0,6528.44736
1164,17105,4249.53,243.0,38,64,0,0,38,11.0,4.0,23.0,5126.24919
1165,17114,1345.49,306.42,29,119,2,1,19,12.0,2.0,15.0,2903.2498
1166,17118,875.08,60.0,10,135,0,0,49,3.0,2.0,5.0,1943.7512
1167,17126,2753.57,638.05,63,328,4,0,32,19.0,11.0,33.0,7372.20858
1168,17128,401.84,100.17,14,157,1,0,47,4.0,2.0,8.0,1101.19936
1169,17135,896.9,65.78,9,14,2,0,45,4.0,2.0,3.0,1548.8283
1170,17146,364.06,567.98,16,210,2,1,5,5.0,3.0,8.0,2407.12198
1171,17147,791.52,116.0,18,49,4,0,24,7.0,3.0,8.0,877.33948
1172,17158,1917.53,169.38,25,26,2,1,17,10.0,0.0,15.0,2266.29876
1173,17179,538.98,120.0,20,164,0,0,31,3.0,5.0,12.0,2157.71828
1174,17180,3187.36,357.64,55,202,4,0,35,18.0,9.0,28.0,6398.732120000001
1175,17181,173.3,13.0,2,3,1,0,49,0.0,1.0,1.0,374.2782
1176,17188,2490.77,319.27,37,192,4,1,8,13.0,8.0,16.0,3748.9757
1177,17189,1526.2,683.19,38,359,1,0,42,15.0,7.0,16.0,4498.68384
1178,17191,3446.43,1225.77,72,401,4,1,13,20.0,14.0,38.0,8707.75056
1179,17194,822.22,215.39,28,141,0,0,19,8.0,7.0,13.0,1673.87544
1180,17198,4919.85,1140.25,77,966,1,0,18,22.0,10.0,45.0,10785.48594
1181,17204,347.0,18.0,3,3,4,0,29,0.0,1.0,2.0,399.7000000000001
1182,17211,2075.5,487.47,75,385,4,0,29,25.0,8.0,42.0,5377.51404
1183,17213,2670.58,325.5,53,134,4,1,25,14.0,6.0,33.0,4032.65308
1184,17214,1418.98,219.92,27,46,2,0,28,9.0,3.0,15.0,1968.04484
1185,17218,4911.97,1255.5,119,231,4,0,31,43.0,17.0,59.0,8474.54981
1186,17220,6048.79,524.92,69,190,1,0,19,23.0,13.0,33.0,8286.6054
1187,17223,3102.89,557.4,49,905,2,0,10,12.0,8.0,29.0,8869.87976
1188,17226,1293.86,164.74,21,175,4,0,22,6.0,1.0,14.0,2551.31794
1189,17227,234.82,65.0,10,14,0,0,19,0.0,4.0,6.0,340.9597
1190,17228,3230.64,309.0,48,68,4,1,42,15.0,6.0,27.0,4397.2253200000005
1191,17230,4304.01,394.95,60,101,2,1,29,30.0,3.0,27.0,6452.32806
1192,17231,3823.46,1232.58,85,461,2,0,5,27.0,10.0,48.0,7508.1908
1193,17235,1341.13,65.0,10,14,2,1,12,2.0,3.0,5.0,2046.6148
1194,17236,1275.02,292.13,33,254,2,0,28,12.0,7.0,14.0,2760.9690400000004
1195,17238,5998.47,1227.38,86,280,4,0,20,23.0,16.0,47.0,10946.22871
1196,17239,1744.87,103.0,16,26,2,0,28,5.0,1.0,10.0,2739.0137600000003
1197,17243,4080.76,588.3,64,107,4,1,9,21.0,9.0,34.0,6510.93448
1198,17251,1083.12,235.5,39,277,2,1,46,11.0,7.0,21.0,2245.59252
1199,17256,806.3499999999999,100.42,12,20,1,0,43,3.0,1.0,8.0,1042.2765
1200,17259,3972.58,1059.33,87,152,4,1,8,19.0,15.0,53.0,6592.89264
1201,17262,5.58,13.0,2,3,2,0,22,1.0,1.0,0.0,23.3521
1202,17277,2012.04,389.9,52,231,2,0,31,15.0,9.0,28.0,4786.68806
1203,17284,3672.39,815.97,131,322,1,0,38,44.0,31.0,56.0,7372.37436
1204,17287,941.63,382.38,22,126,3,0,45,5.0,4.0,13.0,2288.4392
1205,17288,904.56,176.2,12,53,2,1,3,2.0,4.0,6.0,1530.2988
1206,17291,121.3,6.5,1,1,4,0,14,0.0,0.0,1.0,139.93
1207,17293,1988.41,210.37,25,50,4,1,16,9.0,7.0,9.0,2433.57749
1208,17303,1714.64,368.13,53,86,4,0,39,15.0,6.0,32.0,3132.54116
1209,17306,154.56,54.0,9,9,2,0,9,4.0,2.0,3.0,210.0347
1210,17307,19.19,6.0,1,1,1,0,17,0.0,0.0,1.0,28.6442
1211,17311,3216.99,168.17,24,31,2,0,6,8.0,4.0,12.0,4064.3382
1212,17314,2533.4,488.34,26,71,3,1,24,10.0,6.0,10.0,3753.81308
1213,17315,5661.55,1193.81,85,358,1,0,10,32.0,12.0,41.0,9168.19551
1214,17320,986.36,428.15,22,116,2,0,40,5.0,0.0,17.0,1994.79832
1215,17324,661.69,111.99,17,632,0,1,49,10.0,0.0,7.0,1642.0088400000002
1216,17329,1573.52,171.73,16,31,4,0,9,4.0,3.0,9.0,2876.261
1217,17334,1005.46,71.49,10,15,3,0,8,4.0,2.0,4.0,1584.45262
1218,17337,18941.7,2588.03,260,1448,2,0,44,81.0,49.0,130.0,37935.25831
1219,17338,4282.28,907.62,122,422,0,0,40,34.0,20.0,68.0,7911.04514
1220,17339,11.2,24.0,4,8,2,0,21,0.0,1.0,3.0,50.432
1221,17340,5341.92,1326.42,137,502,2,0,36,51.0,23.0,63.0,12129.03947
1222,17341,5352.13,1767.88,161,768,1,0,13,60.0,22.0,79.0,13441.84119
1223,17343,616.92,181.68,17,117,1,1,32,4.0,1.0,12.0,1294.18088
1224,17346,2192.92,341.46,47,185,0,0,12,12.0,7.0,28.0,3683.79016
1225,17356,1784.62,136.18,19,21,4,0,8,6.0,2.0,11.0,2077.0063
1226,17358,3357.23,268.69,42,59,4,0,6,17.0,5.0,20.0,5312.585400000001
1227,17362,674.31,78.0,12,14,2,0,46,4.0,3.0,5.0,910.77752
1228,17364,1030.64,550.83,52,68,1,1,39,19.0,5.0,28.0,2368.54628
1229,17365,2976.68,683.9,79,770,1,0,11,29.0,13.0,37.0,5001.4444
1230,17368,1971.61,295.96,42,73,4,1,8,17.0,5.0,20.0,3137.7485800000004
1231,17371,562.06,68.97,8,15,0,1,24,2.0,2.0,4.0,1313.5808000000002
1232,17372,4940.91,618.42,95,259,1,0,4,29.0,13.0,53.0,9315.09638
1233,17373,1379.3,112.48,17,46,0,1,11,5.0,7.0,5.0,2136.84596
1234,17375,3355.59,279.98,43,109,0,1,21,17.0,8.0,18.0,4261.3712000000005
1235,17376,448.44,214.5,13,18,0,0,34,3.0,3.0,7.0,675.45094
1236,17377,2192.04,327.82,45,133,4,1,34,19.0,9.0,17.0,4549.98124
1237,17381,1772.34,136.48,19,28,0,1,17,3.0,3.0,13.0,2925.9791800000003
1238,17389,1731.83,213.82,17,138,1,0,2,2.0,0.0,15.0,2947.6304400000004
1239,17392,4858.62,447.42,62,98,4,1,6,22.0,8.0,32.0,7820.68406
1240,17396,22.47,19.5,3,3,2,0,13,0.0,2.0,1.0,46.0146
1241,17400,1087.18,279.96,37,305,2,0,45,18.0,4.0,15.0,7650.397369999999
1242,17402,882.35,486.68,27,214,2,0,37,6.0,2.0,19.0,2451.20966
1243,17404,3668.64,322.33,48,101,0,0,11,14.0,10.0,24.0,4936.77526
1244,17406,3389.9,1444.02,116,573,4,0,3,54.0,14.0,48.0,8237.85484
1245,17411,20.46,21.37,2,16,4,0,16,1.0,0.0,1.0,183.16970000000003
1246,17412,1246.5,398.61,21,79,2,0,19,10.0,1.0,10.0,2211.68086
1247,17418,766.71,126.58,12,45,4,1,26,5.0,1.0,6.0,1176.2717
1248,17419,1502.52,368.79,37,54,1,0,48,13.0,10.0,14.0,2338.35118
1249,17420,390.31,45.5,7,8,1,0,19,0.0,2.0,5.0,650.5532000000001
1250,17428,1538.85,311.49,50,89,2,0,14,16.0,3.0,31.0,2647.76988
1251,17430,615.0,30.0,5,10,4,0,36,2.0,2.0,1.0,1382.45
1252,17431,4339.56,293.99,43,164,4,1,7,14.0,5.0,24.0,7123.26896
1253,17442,31.35,16.47,1,7,2,1,34,1.0,0.0,0.0,249.5259
1254,17446,627.91,58.46,5,9,1,0,42,1.0,0.0,4.0,928.72665
1255,17449,4118.77,634.26,73,886,4,0,24,23.0,12.0,38.0,7382.272910000001
1256,17450,1633.68,747.24,74,267,2,0,17,35.0,12.0,27.0,3364.4397
1257,17454,752.27,67.98,9,13,0,1,15,3.0,2.0,4.0,1122.83025
1258,17456,440.19,185.94,17,71,0,0,34,3.0,4.0,10.0,1064.7045500000002
1259,17457,640.96,48.5,8,10,4,0,47,3.0,1.0,4.0,823.9662000000001
1260,17460,268.89,61.47,8,12,2,0,35,3.0,0.0,5.0,585.6802
1261,17463,8325.45,624.98,94,186,1,0,27,30.0,13.0,51.0,11252.83782
1262,17470,539.96,414.0,11,14,2,0,48,3.0,4.0,4.0,1372.5018
1263,17491,239.19,111.18,13,21,0,0,31,4.0,2.0,7.0,365.01508
1264,17496,253.01,60.0,10,11,4,0,7,2.0,1.0,7.0,331.23118
1265,17504,1468.06,156.0,27,42,4,0,9,12.0,3.0,12.0,2458.89772
1266,17507,4733.98,443.69,45,57,2,0,25,16.0,8.0,21.0,6018.5599
1267,17511,11546.15,1930.15,213,847,4,0,25,78.0,30.0,105.0,19989.91866
1268,17515,1104.01,220.68,31,106,2,0,44,7.0,8.0,16.0,3063.1984
1269,17517,890.61,71.5,11,12,2,0,20,5.0,0.0,6.0,980.04604
1270,17519,900.66,354.09000000000003,19,106,0,0,46,4.0,4.0,11.0,2007.58174
1271,17524,29.47,36.0,6,97,2,0,4,3.0,1.0,2.0,281.5288
1272,17525,207.32,95.94,9,14,1,1,11,3.0,3.0,3.0,463.71328
1273,17526,339.35,70.16,7,19,2,1,22,1.0,1.0,5.0,633.98745
1274,17530,2881.7,459.9,65,249,4,0,28,19.0,10.0,36.0,6114.073710000001
1275,17540,186.47,48.0,8,39,1,0,37,2.0,1.0,5.0,406.24
1276,17547,161.13,13.0,2,2,4,1,41,1.0,0.0,1.0,173.9285
1277,17548,407.04,45.5,7,10,4,1,50,2.0,1.0,4.0,632.2849
1278,17551,1021.2,404.99,43,457,4,1,32,11.0,10.0,22.0,3091.37282
1279,17552,243.28,84.5,13,162,1,0,44,4.0,3.0,6.0,1342.23242
1280,17555,1749.16,535.08,49,186,4,0,27,22.0,7.0,20.0,4172.87624
1281,17560,206.89,25.0,4,4,2,0,19,4.0,0.0,0.0,182.02841
1282,17567,542.73,1427.76,27,107,2,0,9,11.0,4.0,12.0,2774.53885
1283,17569,1182.97,174.0,29,40,2,0,41,4.0,7.0,18.0,2028.11524
1284,17572,40.39,298.03000000000003,4,23,4,0,49,1.0,0.0,3.0,472.42692
1285,17576,3312.39,707.48,44,312,2,0,23,12.0,12.0,20.0,7150.439600000001
1286,17580,3013.28,390.94,44,91,4,1,30,20.0,5.0,19.0,5056.95564
1287,17581,4137.7,494.13,65,105,2,1,25,25.0,9.0,31.0,5735.57734
1288,17585,982.58,196.44,28,709,2,0,26,10.0,0.0,18.0,3589.85342
1289,17591,4289.42,1098.72,99,133,1,0,25,35.0,21.0,43.0,6767.22968
1290,17593,557.98,156.0,26,35,1,0,22,8.0,2.0,16.0,995.40424
1291,17596,2475.32,773.93,60,338,2,0,38,22.0,9.0,29.0,5040.0517500000005
1292,17602,9376.1,996.27,103,409,4,1,40,27.0,19.0,57.0,12508.80814
1293,17604,3177.09,186.49,27,35,2,0,28,11.0,3.0,13.0,3916.08998
1294,17609,2874.69,1119.86,100,442,1,1,21,46.0,10.0,44.0,7485.74312
1295,17611,12147.81,1871.08,193,458,1,1,26,77.0,29.0,87.0,18841.35652
1296,17616,119.0,6.5,1,1,1,0,6,0.0,0.0,1.0,137.4
1297,17618,1648.38,411.95,53,175,4,0,17,10.0,10.0,33.0,2967.72012
1298,17619,4392.15,689.65,77,285,1,0,30,36.0,10.0,31.0,6342.57682
1299,17621,1322.56,113.47,15,25,2,1,25,6.0,4.0,5.0,2603.72492
1300,17629,895.55,113.97,12,16,1,0,11,8.0,3.0,1.0,1311.55112
1301,17633,15.99,6.0,1,1,4,0,17,1.0,0.0,0.0,19.20774
1302,17634,1829.15,668.19,74,465,4,0,32,19.0,13.0,42.0,4827.59995
1303,17643,455.03,52.0,8,9,2,0,33,3.0,1.0,4.0,679.1295
1304,17644,13.59,6.0,1,1,4,0,5,1.0,0.0,0.0,20.43258
1305,17646,422.94,86.74000000000001,9,91,0,1,13,3.0,1.0,5.0,1073.6776100000002
1306,17655,189.25,70.5,11,16,1,0,2,6.0,2.0,3.0,329.8168
1307,17659,396.25,108.0,17,239,2,0,33,4.0,3.0,10.0,1816.37794
1308,17671,216.63,102.0,17,36,1,0,34,7.0,0.0,10.0,449.3819
1309,17672,3783.51,387.81,41,55,2,1,39,14.0,5.0,22.0,5210.9227200000005
1310,17673,6722.48,259.41,44,71,4,0,12,17.0,11.0,16.0,8306.1308
1311,17674,267.9,71.5,11,14,4,1,2,5.0,1.0,5.0,488.78754
1312,17675,3231.33,479.17,61,267,1,0,17,25.0,7.0,29.0,5300.507860000001
1313,17676,422.65,376.64,15,52,1,1,15,8.0,3.0,4.0,1458.55512
1314,17677,2315.5,359.56,44,132,1,1,3,15.0,5.0,24.0,3668.28578
1315,17682,542.3199999999999,444.78,18,182,4,1,39,6.0,1.0,11.0,1480.41564
1316,17685,1651.92,283.45,41,143,3,1,37,18.0,8.0,15.0,3600.0950000000003
1317,17690,3502.63,745.59,76,564,4,0,6,32.0,5.0,39.0,7682.97406
1318,17691,305.13,190.32,19,40,4,0,48,6.0,2.0,11.0,647.98448
1319,17692,2152.64,151.0,25,44,0,0,11,8.0,3.0,14.0,3006.16589
1320,17696,770.96,329.4,8,9,2,0,2,5.0,1.0,2.0,1323.15596
1321,17700,37.17,18.0,3,3,1,0,21,1.0,0.0,2.0,59.38058
1322,17702,313.48,30.0,5,57,4,0,28,1.0,0.0,4.0,648.787
1323,17706,1358.68,213.63,28,165,0,1,29,11.0,3.0,14.0,2593.6129
1324,17707,23.03,19.5,3,3,4,0,4,1.0,0.0,2.0,43.39872
1325,17708,1129.79,197.94,26,492,1,1,44,14.0,2.0,10.0,3104.60002
1326,17714,507.08,60.0,10,12,1,0,6,6.0,1.0,3.0,583.31998
1327,17720,48.99,6.5,1,1,4,0,28,0.0,0.0,1.0,64.3082
1328,17722,4511.05,1057.44,80,146,4,0,12,34.0,11.0,35.0,6663.97045
1329,17730,313.74,108.0,18,286,4,0,30,5.0,2.0,11.0,1315.0119
1330,17732,1086.44,221.4,18,127,4,0,8,9.0,4.0,5.0,2161.41538
1331,17735,4207.74,592.27,57,163,0,1,49,17.0,6.0,34.0,7643.145700000001
1332,17739,111.42000000000002,126.3,12,177,2,0,7,5.0,2.0,5.0,769.2334000000001
1333,17742,597.26,198.14,13,108,4,0,35,5.0,2.0,6.0,1331.93844
1334,17744,1583.74,334.0,51,93,1,0,42,17.0,6.0,28.0,2818.8535
1335,17752,79.0,6.0,1,2,2,0,38,0.0,0.0,1.0,179.8
1336,17757,4996.2,1778.04,123,538,1,0,45,38.0,19.0,66.0,10100.23894
1337,17760,690.5500000000001,87.96000000000001,9,14,0,0,45,2.0,3.0,4.0,997.5545
1338,17769,1994.58,332.83,34,269,1,1,32,13.0,3.0,18.0,4535.09298
1339,17771,1649.84,229.88,22,29,1,0,33,10.0,5.0,7.0,2026.74524
1340,17786,784.74,168.0,28,180,2,0,9,7.0,4.0,17.0,2403.1875600000003
1341,17787,4759.1,563.03,79,113,2,1,8,19.0,15.0,45.0,7803.88338
1342,17790,1287.37,182.88,24,46,3,0,34,9.0,4.0,11.0,2165.48009
1343,17796,6859.15,580.09,78,108,3,0,5,28.0,16.0,34.0,10536.61732
1344,17799,5752.79,979.87,119,458,4,0,14,36.0,24.0,59.0,10611.03006
1345,17800,113.02,186.25,12,76,4,0,12,4.0,2.0,6.0,698.3034200000001
1346,17802,364.3,270.62,12,39,2,0,13,2.0,1.0,9.0,966.92304
1347,17809,222.99,97.5,15,178,0,0,24,4.0,2.0,9.0,934.83628
1348,17811,8572.18,1111.65,121,428,2,1,35,36.0,24.0,61.0,14705.975890000002
1349,17812,975.3,886.78,33,42,4,1,20,15.0,6.0,12.0,2121.63922
1350,17816,164.89999999999998,60.0,10,96,4,0,29,4.0,1.0,5.0,2118.36186
1351,17819,718.33,667.74,14,16,4,1,13,4.0,1.0,9.0,1505.6634
1352,17820,40.97,38.97,3,61,4,0,35,2.0,0.0,1.0,387.92314
1353,17827,4609.83,784.39,112,403,2,1,32,32.0,20.0,60.0,8747.50404
1354,17838,2023.86,1671.08,43,96,2,0,14,15.0,2.0,26.0,5125.53674
1355,17841,27616.21,7690.53,572,2626,2,1,21,208.0,85.0,279.0,55462.07822
1356,17848,92.26,109.66,13,31,4,1,25,3.0,2.0,8.0,292.1853
1357,17849,338.29,61.98,8,24,2,1,8,5.0,0.0,3.0,1453.7827200000002
1358,17850,20483.98,3162.62,297,1133,4,1,12,91.0,43.0,163.0,40540.13564
1359,17855,1195.91,181.0,17,45,1,0,13,2.0,4.0,11.0,1719.4436
1360,17857,344.98,43.99,5,7,4,1,47,3.0,1.0,1.0,544.11688
1361,17858,2443.63,364.72,35,893,4,1,34,13.0,4.0,18.0,4936.44212
1362,17860,2470.44,483.46,58,109,0,0,49,24.0,7.0,27.0,3719.21687
1363,17861,578.58,61.99,8,12,4,0,37,2.0,3.0,3.0,987.3724
1364,17862,868.12,66.0,11,13,4,0,17,7.0,0.0,4.0,1023.26844
1365,17863,3330.82,309.05,48,53,4,0,50,16.0,7.0,25.0,4330.30776
1366,17865,2757.56,461.8,42,213,4,1,12,11.0,6.0,25.0,5541.0913
1367,17869,588.74,284.85,16,17,2,1,50,7.0,5.0,4.0,832.88139
1368,17870,19.99,30.0,1,1,0,1,40,0.0,0.0,1.0,53.5882
1369,17873,582.61,205.8,9,41,2,1,26,5.0,0.0,4.0,1321.41466
1370,17880,1260.45,191.74,26,46,2,1,12,9.0,5.0,12.0,2099.63655
1371,17884,5480.52,816.45,93,241,4,0,37,29.0,18.0,46.0,9729.02968
1372,17888,494.71,175.5,18,67,1,1,37,8.0,2.0,8.0,1078.40648
1373,17889,983.54,72.5,12,15,0,0,40,5.0,2.0,5.0,1167.50736
1374,17890,4182.02,839.77,94,431,4,0,27,38.0,16.0,40.0,8537.44074
1375,17894,5763.61,762.46,115,284,2,0,37,33.0,21.0,61.0,11250.15594
1376,17897,3889.84,1226.48,73,208,3,1,19,24.0,13.0,36.0,6941.20496
1377,17905,1149.02,267.98,28,42,1,1,42,11.0,2.0,15.0,1983.93812
1378,17908,3706.06,649.72,58,192,2,0,15,16.0,7.0,35.0,6454.49952
1379,17912,1053.03,499.93,40,153,0,1,7,12.0,5.0,23.0,2247.3006
1380,17913,768.89,196.49,31,60,1,0,29,13.0,6.0,12.0,1227.89511
1381,17917,1911.06,174.0,29,47,2,0,40,10.0,2.0,17.0,3069.3194000000003
1382,17920,7299.13,815.56,105,939,2,0,18,38.0,19.0,48.0,12815.51752
1383,17924,206.67,83.58,5,5,0,1,26,0.0,1.0,4.0,313.4839
1384,17925,19.59,6.5,1,1,1,1,12,0.0,0.0,1.0,29.6162
1385,17929,273.18,13.0,2,2,2,1,4,1.0,0.0,1.0,263.37760000000003
1386,17937,696.45,148.03,18,27,1,1,38,5.0,2.0,11.0,1195.19036
1387,17949,35.18,19.41,2,3,0,0,15,1.0,0.0,1.0,79.79296000000001
1388,17950,1949.63,351.22,40,208,1,0,39,16.0,4.0,20.0,7515.98221
1389,17951,673.54,70.99,10,60,4,0,36,3.0,2.0,5.0,983.5497
1390,17954,3860.05,736.28,84,175,1,0,22,32.0,9.0,43.0,7268.11706
1391,17961,2121.09,709.85,81,398,2,0,10,31.0,14.0,36.0,11750.38731
1392,17964,2995.73,320.55,35,88,0,1,5,13.0,3.0,19.0,5044.1696600000005
1393,17965,3720.04,722.1800000000001,92,224,4,0,7,28.0,13.0,51.0,5554.08483
1394,17967,3190.94,448.86,48,328,4,0,6,18.0,10.0,20.0,5301.33164
1395,17968,3360.58,1555.16,85,1202,1,1,33,33.0,10.0,42.0,9658.84865
1396,17969,108.05,42.0,7,8,2,0,11,3.0,0.0,4.0,157.37572
1397,17975,3294.21,759.01,89,1397,4,1,6,32.0,14.0,43.0,13929.1714
1398,17976,3611.32,755.25,65,165,3,1,12,21.0,10.0,34.0,6267.34692
1399,17978,278.17,134.67000000000002,12,20,4,0,15,2.0,1.0,9.0,671.3880800000001
1400,17980,485.59,90.0,15,26,1,1,47,6.0,2.0,7.0,728.45392
1401,17988,1159.34,122.0,13,53,4,0,45,4.0,2.0,7.0,1905.73878
1402,17990,530.3199999999999,80.38,12,35,1,0,20,8.0,0.0,4.0,1081.72654
1403,17999,1355.11,332.23,38,295,0,0,30,15.0,6.0,17.0,4571.40105
1404,18004,1537.46,330.71000000000004,40,386,4,0,30,13.0,7.0,20.0,3436.2962
1405,18008,394.16,72.0,12,44,2,0,25,4.0,2.0,6.0,546.3616
1406,18011,1505.59,182.0,28,34,2,1,7,5.0,8.0,15.0,1939.8174
1407,18016,1759.23,318.05,40,111,4,0,16,17.0,3.0,20.0,3308.8754000000004
1408,18017,19.56,6.5,1,1,4,1,37,0.0,0.0,1.0,29.5808
1409,18032,35.95,30.0,5,5,4,0,37,3.0,0.0,2.0,66.35816
1410,18037,288.55,62.99,8,43,0,1,46,2.0,2.0,4.0,569.1144
1411,18041,9517.72,2506.4700000000003,163,716,3,1,30,54.0,23.0,86.0,17485.707440000002
1412,18043,3087.57,673.46,66,292,1,0,18,25.0,4.0,37.0,5288.99061
1413,18044,550.98,36.0,6,8,2,0,9,0.0,1.0,5.0,940.4764
1414,18050,297.61,30.0,5,105,2,0,48,2.0,0.0,3.0,786.99858
1415,18055,5963.41,1435.9,96,242,3,0,18,33.0,15.0,48.0,10344.06271
1416,18061,1009.47,69.0,11,13,3,1,4,5.0,1.0,5.0,1338.4595800000002
1417,18062,80.61000000000001,50.89,5,5,2,0,25,2.0,0.0,3.0,141.45146
1418,18065,1111.86,166.97,22,28,4,0,47,7.0,4.0,11.0,1989.85712
1419,18069,3300.27,763.86,77,220,4,0,10,32.0,16.0,29.0,5706.31882
1420,18071,339.29,141.75,14,73,4,1,24,6.0,1.0,7.0,715.12988
1421,18074,1522.85,84.5,13,15,2,0,10,4.0,0.0,9.0,2054.2865
1422,18075,2061.61,257.97,36,122,1,0,12,8.0,8.0,20.0,3340.29766
1423,18077,3120.04,477.95,63,541,4,1,34,30.0,8.0,25.0,5699.995440000001
1424,18085,1313.93,227.96,29,94,4,1,34,9.0,5.0,15.0,2482.65808
1425,18092,1075.28,157.18,21,35,2,1,34,5.0,2.0,14.0,1825.774
1426,18095,383.8,220.28,21,93,4,0,14,8.0,1.0,12.0,1510.51892
1427,18097,890.34,161.89,16,23,1,0,6,5.0,2.0,9.0,1683.2369
1428,18102,1257.93,140.22,18,40,4,0,48,5.0,5.0,8.0,2322.17994
1429,18106,1049.79,294.16,39,160,2,0,49,18.0,2.0,19.0,3180.54088
1430,18109,2732.21,510.87,72,114,1,0,9,21.0,6.0,45.0,4036.089
1431,18113,7.19,28.78,1,13,1,1,3,0.0,0.0,1.0,139.07459999999998
1432,18116,6483.36,983.16,155,374,4,0,38,55.0,17.0,83.0,12366.23016
1433,18118,11442.14,4098.68,250,1230,4,1,24,77.0,45.0,128.0,24022.27785
1434,18119,1040.88,195.0,30,151,2,0,20,7.0,6.0,17.0,1973.3646
1435,18125,6580.3,676.74,83,165,4,0,3,29.0,15.0,39.0,11438.40168
1436,18136,1079.1,156.95,18,31,4,1,28,6.0,2.0,10.0,1846.55636
1437,18141,15.19,6.0,1,2,2,1,28,0.0,0.0,1.0,41.8484
1438,18144,418.88,61.5,10,17,2,0,26,3.0,2.0,5.0,674.94872
1439,18145,2413.46,285.47,42,259,4,0,36,12.0,9.0,21.0,4641.61592
1440,18156,2446.33,593.1800000000001,55,151,2,0,26,18.0,7.0,30.0,3986.33186
1441,18161,729.38,110.97,15,19,2,0,47,6.0,3.0,6.0,929.51952
1442,18168,2445.5,455.17,44,123,4,0,5,13.0,7.0,24.0,4533.3843400000005
1443,18171,1199.01,90.0,15,16,1,1,21,5.0,0.0,10.0,1424.1382400000002
1444,18176,993.45,292.48,33,232,1,1,19,9.0,5.0,19.0,3062.10261
1445,18178,2589.39,319.77,35,43,1,0,33,12.0,2.0,21.0,3378.69016
1446,18179,1266.16,220.99,35,63,1,0,6,17.0,6.0,12.0,1912.01126
1447,18190,403.39,73.98,10,15,2,1,8,3.0,2.0,5.0,511.1156600000001
1448,18193,2.8,6.5,1,3,2,0,31,1.0,0.0,0.0,15.420799999999998
1449,18198,1333.74,386.65,27,54,4,0,29,11.0,4.0,12.0,2459.59038
1450,18202,2377.74,158.98,23,457,0,0,18,9.0,2.0,12.0,4763.7456
1451,18212,1261.32,409.38,43,327,2,0,37,9.0,12.0,22.0,3202.50968
1452,18219,720.0799999999999,194.59,24,97,1,0,32,9.0,2.0,13.0,1289.4130799999998
1453,18223,2861.09,397.18,60,149,3,1,44,25.0,6.0,29.0,4586.47868
1454,18225,18.41,31.46,3,38,0,0,28,3.0,0.0,0.0,123.5165
1455,18226,842.67,284.24,22,55,0,0,40,9.0,4.0,9.0,1295.11776
1456,18229,1547.0,107.0,17,40,1,1,16,7.0,2.0,8.0,2743.12564
1457,18230,134.99,12.0,2,2,2,0,36,2.0,0.0,0.0,143.01774
1458,18233,1.99,6.0,1,50,0,0,2,1.0,0.0,0.0,82.615
1459,18239,3722.79,610.01,52,140,1,1,20,15.0,12.0,25.0,6928.03416
1460,18245,4779.56,338.5,55,86,3,0,5,15.0,8.0,32.0,8420.28844
1461,18250,695.0,264.94,21,117,4,1,15,8.0,5.0,8.0,2520.7548
1462,18256,49.56,25.0,4,4,2,1,45,0.0,2.0,2.0,83.3536
1463,18259,84.73,278.33,7,46,2,0,5,3.0,1.0,3.0,860.686
1464,18260,1114.89,632.42,40,141,1,1,43,16.0,3.0,21.0,3016.54372
1465,18269,89.34,51.5,8,10,4,1,25,3.0,1.0,4.0,166.9075
1466,18277,149.0,6.0,1,2,4,0,47,0.0,1.0,0.0,333.8
1467,18283,5658.0,717.74,102,155,0,0,36,38.0,13.0,51.0,7356.85141
